"","customer_id","created_at","type","currency","transaction_name","transaction_amount","transaction_amount_usd","transactional_status"
"1","1cf4eac9d442eda8329403546901e682","2015-08-09 10:56:12",1,"XBT","ReceiveBTC",3e-04,0.079482,"New"
"2","1cf4eac9d442eda8329403546901e682","2015-08-09 11:50:45",1,"XBT","SendBTC",-2e-04,-0.053034,"New"
"3","1cf4eac9d442eda8329403546901e682","2015-08-12 07:43:28",1,"XBT","ReceiveBTC",3e-04,0.080793,"New"
"4","1cf4eac9d442eda8329403546901e682","2015-08-12 09:25:09",1,"XBT","SendBTC",-2e-04,-0.053876,"New"
"5","1cf4eac9d442eda8329403546901e682","2015-08-14 08:30:05",1,"XBT","ReceiveBTC",3e-04,0.07986,"New"
"6","1cf4eac9d442eda8329403546901e682","2015-08-14 09:04:55",4,"XBT","Ask",0,0,"New"
"7","1cf4eac9d442eda8329403546901e682","2015-08-14 11:40:58",4,"XBT","Ask",0,0,"New"
"8","1cf4eac9d442eda8329403546901e682","2015-08-14 12:27:49",1,"XBT","SendBTC",-4e-04,-0.106596,"New"
"9","1cf4eac9d442eda8329403546901e682","2015-08-16 13:22:06",1,"XBT","ReceiveBTC",3e-04,0.07812,"New"
"10","1cf4eac9d442eda8329403546901e682","2015-08-19 10:28:26",1,"XBT","ReceiveBTC",3e-04,0.069945,"New"
"11","1cf4eac9d442eda8329403546901e682","2015-08-19 12:18:40",4,"XBT","Ask",0,0,"New"
"12","1cf4eac9d442eda8329403546901e682","2015-08-20 19:10:14",4,"XBT","Ask",0,0,"New"
"13","1cf4eac9d442eda8329403546901e682","2015-08-20 20:31:08",4,"XBT","Ask",0,0,"New"
"14","1cf4eac9d442eda8329403546901e682","2015-08-21 01:52:34",1,"XBT","ReceiveBTC",3e-04,0.070413,"New"
"15","1cf4eac9d442eda8329403546901e682","2015-08-21 04:24:05",4,"XBT","Ask",0,0,"New"
"16","1cf4eac9d442eda8329403546901e682","2015-08-21 10:50:45",14,"XBT","SellBTC",-7e-04,-0.165774,"New"
"17","1cf4eac9d442eda8329403546901e682","2015-08-21 12:17:05",4,"IDR","Bid",0,0,"New"
"18","1cf4eac9d442eda8329403546901e682","2015-08-21 14:38:11",4,"IDR","Bid",0,0,"New"
"19","1cf4eac9d442eda8329403546901e682","2015-08-21 16:58:09",4,"IDR","Bid",0,0,"New"
"20","1cf4eac9d442eda8329403546901e682","2015-08-21 16:59:57",4,"IDR","Bid",0,0,"New"
"21","1cf4eac9d442eda8329403546901e682","2015-08-22 20:33:32",4,"IDR","Bid",0,0,"New"
"22","1cf4eac9d442eda8329403546901e682","2015-08-22 21:16:42",1,"XBT","ReceiveBTC",3e-04,0.068406,"New"
"23","1cf4eac9d442eda8329403546901e682","2015-08-23 12:48:22",14,"XBT","SellBTC",-6e-04,-0.139014,"New"
"24","1cf4eac9d442eda8329403546901e682","2015-08-23 19:50:32",4,"IDR","Bid",0,0,"New"
"25","1cf4eac9d442eda8329403546901e682","2015-08-25 15:00:28",1,"XBT","ReceiveBTC",2e-04,0.043268,"New"
"26","1cf4eac9d442eda8329403546901e682","2015-08-25 15:16:48",4,"IDR","Bid",0,0,"New"
"27","1cf4eac9d442eda8329403546901e682","2015-08-25 15:49:59",7,"XBT","TradeBuy",0.00129,0.2890761,"New"
"28","1cf4eac9d442eda8329403546901e682","2015-08-25 15:56:59",14,"XBT","SellBTC",-0.00149,-0.3338941,"New"
"29","1cf4eac9d442eda8329403546901e682","2015-08-25 15:58:41",4,"IDR","Bid",0,0,"New"
"30","1cf4eac9d442eda8329403546901e682","2015-08-25 16:56:05",7,"XBT","TradeBuy",0.00149,0.3329852,"New"
"31","1cf4eac9d442eda8329403546901e682","2015-08-25 17:01:54",4,"XBT","Ask",0,0,"New"
"32","1cf4eac9d442eda8329403546901e682","2015-08-25 21:36:00",14,"XBT","SellBTC",-0.00149,-0.3326425,"New"
"33","1cf4eac9d442eda8329403546901e682","2015-08-25 21:38:23",4,"IDR","Bid",0,0,"New"
"34","1cf4eac9d442eda8329403546901e682","2015-08-26 00:59:02",7,"XBT","TradeBuy",0.000749,0.16803066,"New"
"35","1cf4eac9d442eda8329403546901e682","2015-08-26 01:56:36",14,"XBT","SellBTC",-0.000749,-0.16879464,"New"
"36","1cf4eac9d442eda8329403546901e682","2015-08-27 10:51:08",15,"XBT","BuyBTC",0.00149,0.3387217,"New"
"37","1cf4eac9d442eda8329403546901e682","2015-08-27 15:17:29",1,"XBT","ReceiveBTC",3e-04,0.068637,"New"
"38","1cf4eac9d442eda8329403546901e682","2015-08-27 15:22:28",14,"XBT","SellBTC",-0.00179,-0.4095341,"New"
"39","1cf4eac9d442eda8329403546901e682","2015-08-27 17:18:49",15,"XBT","BuyBTC",0.00175,0.3999275,"New"
"40","1cf4eac9d442eda8329403546901e682","2015-08-28 08:24:03",1,"XBT","SendBTC",-0.001,-0.22836,"New"
"41","1cf4eac9d442eda8329403546901e682","2015-08-28 11:07:26",1,"XBT","SendBTC",-0.00075,-0.17088,"New"
"42","1cf4eac9d442eda8329403546901e682","2015-08-28 16:19:44",1,"XBT","ReceiveBTC",0.00065,0.1499615,"New"
"43","1cf4eac9d442eda8329403546901e682","2015-08-29 18:07:36",1,"XBT","ReceiveBTC",3e-04,0.069234,"New"
"44","1cf4eac9d442eda8329403546901e682","2015-08-30 16:38:54",1,"XBT","SendBTC",-4e-04,-0.091164,"New"
"45","1cf4eac9d442eda8329403546901e682","2015-08-30 16:51:03",1,"XBT","SendBTC",-4e-04,-0.091164,"New"
"46","1cf4eac9d442eda8329403546901e682","2015-09-02 08:04:51",1,"XBT","ReceiveBTC",3e-04,0.06876,"Returning"
"47","1cf4eac9d442eda8329403546901e682","2015-09-02 20:59:19",1,"XBT","SendBTC",-4e-04,-0.092424,"Returning"
"48","1cf4eac9d442eda8329403546901e682","2015-09-04 04:17:32",1,"XBT","ReceiveBTC",8e-05,0.0184744,"Returning"
"49","1cf4eac9d442eda8329403546901e682","2015-09-06 18:39:34",1,"XBT","ReceiveBTC",4e-04,0.096372,"Returning"
"50","1cf4eac9d442eda8329403546901e682","2015-09-07 06:05:31",1,"XBT","SendBTC",-4e-04,-0.095992,"Returning"
"51","07a1c42e45f8e932daf2604a8654e34a","2015-08-14 03:08:15",1,"XBT","ReceiveBTC",0.25398296,67.0464217808,"New"
"52","07a1c42e45f8e932daf2604a8654e34a","2015-08-15 03:00:57",1,"XBT","ReceiveBTC",0.04145035,11.107035786,"New"
"53","07a1c42e45f8e932daf2604a8654e34a","2015-08-16 01:36:30",1,"XBT","ReceiveBTC",0.04156565,10.932597263,"New"
"54","07a1c42e45f8e932daf2604a8654e34a","2015-08-17 02:57:22",1,"XBT","ReceiveBTC",0.0416233,10.792089224,"New"
"55","07a1c42e45f8e932daf2604a8654e34a","2015-08-18 02:09:34",1,"XBT","ReceiveBTC",0.0420845,10.90914409,"New"
"56","07a1c42e45f8e932daf2604a8654e34a","2015-08-19 01:34:38",1,"XBT","ReceiveBTC",0.0417386,9.715076536,"New"
"57","07a1c42e45f8e932daf2604a8654e34a","2015-08-20 01:48:12",1,"XBT","ReceiveBTC",0.0422574499999999,9.71245230799998,"New"
"58","07a1c42e45f8e932daf2604a8654e34a","2015-08-21 02:38:51",1,"XBT","ReceiveBTC",0.0414503500000001,9.72466661350002,"New"
"59","07a1c42e45f8e932daf2604a8654e34a","2015-08-22 02:05:42",1,"XBT","ReceiveBTC",0.0420845,9.90627045499999,"New"
"60","07a1c42e45f8e932daf2604a8654e34a","2015-08-23 01:55:23",1,"XBT","ReceiveBTC",0.04214215,9.7352580715,"New"
"61","07a1c42e45f8e932daf2604a8654e34a","2015-08-24 02:00:42",1,"XBT","ReceiveBTC",0.04260335,9.71441586700001,"New"
"62","07a1c42e45f8e932daf2604a8654e34a","2015-08-24 06:07:41",1,"XBT","SendBTC",-0.1438,-32.306108,"New"
"63","07a1c42e45f8e932daf2604a8654e34a","2015-08-24 11:12:30",1,"XBT","SendBTC",-0.5,-111.885,"New"
"64","07a1c42e45f8e932daf2604a8654e34a","2015-08-25 01:35:42",1,"XBT","ReceiveBTC",0.04248805,8.6994282375,"New"
"65","07a1c42e45f8e932daf2604a8654e34a","2015-08-26 01:41:51",1,"XBT","ReceiveBTC",0.0428916,9.666050976,"New"
"66","07a1c42e45f8e932daf2604a8654e34a","2015-08-27 01:35:59",1,"XBT","ReceiveBTC",0.04294925,9.817339565,"New"
"67","07a1c42e45f8e932daf2604a8654e34a","2015-08-28 02:13:05",1,"XBT","ReceiveBTC",0.04297807,9.5944243468,"New"
"68","07a1c42e45f8e932daf2604a8654e34a","2015-08-29 01:45:20",1,"XBT","ReceiveBTC",0.04271865,9.98804755650001,"New"
"69","07a1c42e45f8e932daf2604a8654e34a","2015-08-30 02:06:28",1,"XBT","ReceiveBTC",0.04283395,9.9550383195,"New"
"70","07a1c42e45f8e932daf2604a8654e34a","2015-08-31 01:41:08",1,"XBT","ReceiveBTC",0.042661,9.75102477,"New"
"71","07a1c42e45f8e932daf2604a8654e34a","2015-09-01 03:40:14",1,"XBT","ReceiveBTC",0.04294925,9.9448988375,"Returning"
"72","07a1c42e45f8e932daf2604a8654e34a","2015-09-02 03:14:23",1,"XBT","ReceiveBTC",0.04271865,9.72618223199999,"Returning"
"73","07a1c42e45f8e932daf2604a8654e34a","2015-09-03 03:02:24",1,"XBT","ReceiveBTC",0.041508,9.61698852,"Returning"
"74","07a1c42e45f8e932daf2604a8654e34a","2015-09-04 01:58:21",1,"XBT","ReceiveBTC",0.03875809,8.9504057237,"Returning"
"75","07a1c42e45f8e932daf2604a8654e34a","2015-09-05 02:16:03",1,"XBT","ReceiveBTC",0.0404703,9.370897965,"Returning"
"76","07a1c42e45f8e932daf2604a8654e34a","2015-09-06 02:48:02",1,"XBT","ReceiveBTC",0.04214215,10.197557457,"Returning"
"77","07a1c42e45f8e932daf2604a8654e34a","2015-09-07 02:14:49",1,"XBT","ReceiveBTC",0.04283395,10.346968962,"Returning"
"78","07a1c42e45f8e932daf2604a8654e34a","2015-09-08 01:54:39",1,"XBT","ReceiveBTC",0.0426033499999999,10.3820103615,"Returning"
"79","07a1c42e45f8e932daf2604a8654e34a","2015-09-09 02:28:04",1,"XBT","ReceiveBTC",0.0426610000000001,10.45834415,"Returning"
"80","07a1c42e45f8e932daf2604a8654e34a","2015-09-10 02:35:03",1,"XBT","ReceiveBTC",0.04271865,10.2734081385,"Returning"
"81","07a1c42e45f8e932daf2604a8654e34a","2015-09-11 02:47:41",1,"XBT","ReceiveBTC",0.0426610000000001,10.31329675,"Returning"
"82","07a1c42e45f8e932daf2604a8654e34a","2015-09-12 03:25:47",1,"XBT","ReceiveBTC",0.0425457,10.31307768,"Returning"
"83","07a1c42e45f8e932daf2604a8654e34a","2015-09-13 02:30:26",1,"XBT","SendBTC",-0.83,-196.0377,"Returning"
"84","07a1c42e45f8e932daf2604a8654e34a","2015-09-13 06:31:55",1,"XBT","ReceiveBTC",0.04237275,10.02878247,"Returning"
"85","07a1c42e45f8e932daf2604a8654e34a","2015-09-14 02:48:02",1,"XBT","ReceiveBTC",0.0423151,9.708353393,"Returning"
"86","07a1c42e45f8e932daf2604a8654e34a","2015-09-15 02:57:31",1,"XBT","ReceiveBTC",0.04214215,9.81912095,"Returning"
"87","07a1c42e45f8e932daf2604a8654e34a","2015-09-16 01:56:55",1,"XBT","ReceiveBTC",0.0420845,9.78380456,"Returning"
"88","07a1c42e45f8e932daf2604a8654e34a","2015-09-17 01:34:12",1,"XBT","ReceiveBTC",0.0425457,9.814442076,"Returning"
"89","07a1c42e45f8e932daf2604a8654e34a","2015-09-18 02:02:43",1,"XBT","ReceiveBTC",0.04214215,9.897505349,"Returning"
"90","07a1c42e45f8e932daf2604a8654e34a","2015-09-19 04:23:34",1,"XBT","ReceiveBTC",0.04260335,9.9713140675,"Returning"
"91","07a1c42e45f8e932daf2604a8654e34a","2015-09-20 01:35:23",1,"XBT","ReceiveBTC",0.04225745,9.85021159499999,"Returning"
"92","07a1c42e45f8e932daf2604a8654e34a","2015-09-21 02:31:06",1,"XBT","ReceiveBTC",0.042661,9.88199404,"Returning"
"93","07a1c42e45f8e932daf2604a8654e34a","2015-09-22 01:50:13",1,"XBT","ReceiveBTC",0.0424304,9.72165324800001,"Returning"
"94","07a1c42e45f8e932daf2604a8654e34a","2015-09-23 03:10:47",1,"XBT","ReceiveBTC",0.0427763,9.961316981,"Returning"
"95","07a1c42e45f8e932daf2604a8654e34a","2015-09-24 02:51:26",1,"XBT","ReceiveBTC",0.04260335,9.907835076,"Returning"
"96","07a1c42e45f8e932daf2604a8654e34a","2015-09-25 03:47:36",1,"XBT","ReceiveBTC",0.04271865,10.028630274,"Returning"
"97","07a1c42e45f8e932daf2604a8654e34a","2015-09-26 04:48:18",1,"XBT","ReceiveBTC",0.0426610000000001,10.08292735,"Returning"
"98","07a1c42e45f8e932daf2604a8654e34a","2015-09-27 02:55:28",1,"XBT","ReceiveBTC",0.0425457,10.040359743,"Returning"
"99","07a1c42e45f8e932daf2604a8654e34a","2015-09-28 05:50:03",1,"XBT","ReceiveBTC",0.0427763,10.191881238,"Returning"
"100","07a1c42e45f8e932daf2604a8654e34a","2015-09-29 02:30:41",1,"XBT","ReceiveBTC",0.04283395,10.2780063025,"Returning"
"101","07a1c42e45f8e932daf2604a8654e34a","2015-09-29 23:51:36",1,"XBT","SendBTC",-0.28,-66.9004,"Returning"
"102","07a1c42e45f8e932daf2604a8654e34a","2015-09-30 03:26:12",1,"XBT","ReceiveBTC",0.04260335,10.210318861,"Returning"
"103","07a1c42e45f8e932daf2604a8654e34a","2015-10-01 06:16:50",1,"XBT","ReceiveBTC",0.04294925,10.2391012,"Returning"
"104","07a1c42e45f8e932daf2604a8654e34a","2015-10-02 02:13:54",1,"XBT","ReceiveBTC",0.04271865,10.241369151,"Returning"
"105","07a1c42e45f8e932daf2604a8654e34a","2015-10-03 02:15:23",1,"XBT","ReceiveBTC",0.0430645500000001,10.2919968045,"Returning"
"106","07a1c42e45f8e932daf2604a8654e34a","2015-10-04 05:50:35",1,"XBT","ReceiveBTC",0.0427763,10.342881577,"Returning"
"107","07a1c42e45f8e932daf2604a8654e34a","2015-10-05 01:45:43",1,"XBT","ReceiveBTC",0.0431222,10.356227552,"Returning"
"108","07a1c42e45f8e932daf2604a8654e34a","2015-10-05 15:33:26",1,"XBT","SendBTC",-0.56,-134.2152,"Returning"
"109","07a1c42e45f8e932daf2604a8654e34a","2015-10-06 02:04:17",1,"XBT","ReceiveBTC",0.04294925,10.4181995725,"Returning"
"110","07a1c42e45f8e932daf2604a8654e34a","2015-10-07 02:28:55",1,"XBT","ReceiveBTC",0.042661,10.57736834,"Returning"
"111","07a1c42e45f8e932daf2604a8654e34a","2015-10-08 02:32:41",1,"XBT","ReceiveBTC",0.04271865,10.507933527,"Returning"
"112","07a1c42e45f8e932daf2604a8654e34a","2015-10-09 02:18:00",1,"XBT","ReceiveBTC",0.04248805,10.4099971305,"Returning"
"113","07a1c42e45f8e932daf2604a8654e34a","2015-10-10 04:21:25",1,"XBT","ReceiveBTC",0.0421998,10.449936474,"Returning"
"114","07a1c42e45f8e932daf2604a8654e34a","2015-10-10 13:55:32",1,"XBT","SendBTC",-0.2769,-68.233698,"Returning"
"115","07a1c42e45f8e932daf2604a8654e34a","2015-10-11 01:59:36",1,"XBT","ReceiveBTC",0.0420845,10.44116445,"Returning"
"116","07a1c42e45f8e932daf2604a8654e34a","2015-10-12 02:22:22",1,"XBT","ReceiveBTC",0.0424304,10.554137696,"Returning"
"117","07a1c42e45f8e932daf2604a8654e34a","2015-10-13 03:00:12",1,"XBT","ReceiveBTC",0.0423151,10.44336668,"Returning"
"118","07a1c42e45f8e932daf2604a8654e34a","2015-10-14 03:21:44",1,"XBT","ReceiveBTC",0.04214215,10.6092862625,"Returning"
"119","07a1c42e45f8e932daf2604a8654e34a","2015-10-15 02:41:04",1,"XBT","ReceiveBTC",0.04260335,10.8804695565,"Returning"
"120","07a1c42e45f8e932daf2604a8654e34a","2015-10-15 15:40:35",1,"XBT","SendBTC",-0.163,-41.99695,"Returning"
"121","07a1c42e45f8e932daf2604a8654e34a","2015-10-16 04:35:44",1,"XBT","ReceiveBTC",0.0425457,10.950837723,"Returning"
"122","07a1c42e45f8e932daf2604a8654e34a","2015-10-17 06:45:16",1,"XBT","ReceiveBTC",0.04294925,11.55678419,"Returning"
"123","07a1c42e45f8e932daf2604a8654e34a","2015-10-18 01:35:50",1,"XBT","ReceiveBTC",0.0427763,11.651408594,"Returning"
"124","07a1c42e45f8e932daf2604a8654e34a","2015-10-19 02:09:39",1,"XBT","ReceiveBTC",0.04306455,11.436221898,"Returning"
"125","07a1c42e45f8e932daf2604a8654e34a","2015-10-20 03:46:48",1,"XBT","ReceiveBTC",0.04317985,11.5095890175,"Returning"
"126","07a1c42e45f8e932daf2604a8654e34a","2015-10-21 02:26:13",1,"XBT","ReceiveBTC",0.0430069,11.726691423,"Returning"
"127","07a1c42e45f8e932daf2604a8654e34a","2015-10-22 01:48:52",1,"XBT","ReceiveBTC",0.042661,11.50780475,"Returning"
"128","07a1c42e45f8e932daf2604a8654e34a","2015-10-23 01:48:39",1,"XBT","ReceiveBTC",0.04248805,11.722452995,"Returning"
"129","07a1c42e45f8e932daf2604a8654e34a","2015-10-24 02:05:01",1,"XBT","ReceiveBTC",0.0423151,11.86092253,"Returning"
"130","07a1c42e45f8e932daf2604a8654e34a","2015-10-25 04:15:30",1,"XBT","ReceiveBTC",0.0422574499999999,12.1604263865,"Returning"
"131","07a1c42e45f8e932daf2604a8654e34a","2015-10-26 02:26:13",1,"XBT","ReceiveBTC",0.0420845000000001,11.97135687,"Returning"
"132","07a1c42e45f8e932daf2604a8654e34a","2015-10-27 02:20:55",1,"XBT","ReceiveBTC",0.04214215,12.282751039,"Returning"
"133","07a1c42e45f8e932daf2604a8654e34a","2015-10-27 11:05:52",1,"XBT","SendBTC",-0.4371,-127.523925,"Returning"
"134","07a1c42e45f8e932daf2604a8654e34a","2015-10-28 02:33:23",1,"XBT","ReceiveBTC",0.04260335,12.7899517035,"Returning"
"135","07a1c42e45f8e932daf2604a8654e34a","2015-10-29 02:14:43",1,"XBT","ReceiveBTC",0.04248805,12.9346370615,"Returning"
"136","07a1c42e45f8e932daf2604a8654e34a","2015-10-30 02:11:13",1,"XBT","ReceiveBTC",0.0428916,13.92475794,"Returning"
"137","07a1c42e45f8e932daf2604a8654e34a","2015-10-31 02:40:00",1,"XBT","ReceiveBTC",0.04294925,14.232522465,"Returning"
"138","07a1c42e45f8e932daf2604a8654e34a","2015-11-01 01:42:52",1,"XBT","ReceiveBTC",0.04297807,13.5746234095,"Returning"
"139","07a1c42e45f8e932daf2604a8654e34a","2015-11-02 03:51:31",1,"XBT","ReceiveBTC",0.04271865,13.9660082445,"Returning"
"140","07a1c42e45f8e932daf2604a8654e34a","2015-11-03 02:47:40",1,"XBT","ReceiveBTC",0.04283395,15.5534355845,"Returning"
"141","07a1c42e45f8e932daf2604a8654e34a","2015-11-04 03:21:51",1,"XBT","ReceiveBTC",0.0432375,18.5212155,"Returning"
"142","07a1c42e45f8e932daf2604a8654e34a","2015-11-04 18:12:59",1,"XBT","SendBTC",-0.5,-228.505,"Returning"
"143","07a1c42e45f8e932daf2604a8654e34a","2015-11-05 01:46:07",1,"XBT","ReceiveBTC",0.04317985,17.5746307485,"Returning"
"144","07a1c42e45f8e932daf2604a8654e34a","2015-11-06 01:32:36",1,"XBT","ReceiveBTC",0.04294925,15.7988816125,"Returning"
"145","07a1c42e45f8e932daf2604a8654e34a","2015-11-07 01:50:50",1,"XBT","ReceiveBTC",0.04283395,16.0974267495,"Returning"
"146","07a1c42e45f8e932daf2604a8654e34a","2015-11-08 01:37:47",1,"XBT","ReceiveBTC",0.04260335,16.4776976795,"Returning"
"147","07a1c42e45f8e932daf2604a8654e34a","2015-11-09 02:26:00",1,"XBT","ReceiveBTC",0.042661,15.60411397,"Returning"
"148","07a1c42e45f8e932daf2604a8654e34a","2015-11-10 01:50:25",1,"XBT","ReceiveBTC",0.04271865,16.0498239915,"Returning"
"149","07a1c42e45f8e932daf2604a8654e34a","2015-11-11 03:46:13",1,"XBT","ReceiveBTC",0.042661,13.19206103,"Returning"
"150","07a1c42e45f8e932daf2604a8654e34a","2015-11-12 02:10:19",1,"XBT","ReceiveBTC",0.0425457,13.549954536,"Returning"
"151","07a1c42e45f8e932daf2604a8654e34a","2015-11-13 02:03:37",1,"XBT","ReceiveBTC",0.04237275,14.46605685,"Returning"
"152","07a1c42e45f8e932daf2604a8654e34a","2015-11-14 01:43:08",1,"XBT","ReceiveBTC",0.0423151,14.153554648,"Returning"
"153","07a1c42e45f8e932daf2604a8654e34a","2015-11-14 08:02:13",1,"XBT","SendBTC",-0.47158,-158.0170264,"Returning"
"154","07a1c42e45f8e932daf2604a8654e34a","2015-11-15 02:02:33",1,"XBT","ReceiveBTC",0.04214215,14.112563192,"Returning"
"155","07a1c42e45f8e932daf2604a8654e34a","2015-11-16 01:22:37",1,"XBT","ReceiveBTC",0.0420845,13.409384235,"Returning"
"156","07a1c42e45f8e932daf2604a8654e34a","2015-11-17 02:17:16",1,"XBT","ReceiveBTC",0.0425457,14.371086546,"Returning"
"157","07a1c42e45f8e932daf2604a8654e34a","2015-11-18 04:52:30",1,"XBT","ReceiveBTC",0.04214215,14.126891523,"Returning"
"158","07a1c42e45f8e932daf2604a8654e34a","2015-11-19 01:50:33",1,"XBT","ReceiveBTC",0.04260335,14.2793648195,"Returning"
"159","07a1c42e45f8e932daf2604a8654e34a","2015-11-20 01:27:04",1,"XBT","ReceiveBTC",0.04225745,13.4416722705,"Returning"
"160","07a1c42e45f8e932daf2604a8654e34a","2015-11-21 03:53:59",1,"XBT","ReceiveBTC",0.042661,13.72617675,"Returning"
"161","07a1c42e45f8e932daf2604a8654e34a","2015-11-22 02:41:10",1,"XBT","ReceiveBTC",0.0424304,13.9171712,"Returning"
"162","07a1c42e45f8e932daf2604a8654e34a","2015-11-23 01:37:12",1,"XBT","ReceiveBTC",0.0427763,13.897592107,"Returning"
"163","07a1c42e45f8e932daf2604a8654e34a","2015-11-24 01:55:34",1,"XBT","ReceiveBTC",0.04260335,13.7911304285,"Returning"
"164","07a1c42e45f8e932daf2604a8654e34a","2015-11-25 01:35:38",1,"XBT","ReceiveBTC",0.04271865,13.800687069,"Returning"
"165","07a1c42e45f8e932daf2604a8654e34a","2015-11-26 01:38:41",1,"XBT","ReceiveBTC",0.042661,14.18947521,"Returning"
"166","07a1c42e45f8e932daf2604a8654e34a","2015-11-28 04:21:37",1,"XBT","SendBTC",-0.509,-181.00549,"Returning"
"167","23758b953b9363fdb28970605f90df05","2015-08-22 08:53:09",1,"XBT","ReceiveBTC",0.01196888,2.797127256,"New"
"168","23758b953b9363fdb28970605f90df05","2015-08-22 08:55:12",1,"XBT","ReceiveBTC",0.01256732,2.936982684,"New"
"169","85893e13c5acd5d9a66dae76be93f896","2015-09-05 02:14:57",1,"MYR","FiatDeposit",6000,25368.1710213777,"New"
"170","85893e13c5acd5d9a66dae76be93f896","2015-09-05 02:40:14",15,"XBT","BuyBTC",1.75215,405.7103325,"New"
"171","85893e13c5acd5d9a66dae76be93f896","2015-09-05 02:40:17",1,"XBT","SendBTC",-1.75215,-405.7103325,"New"
"172","85893e13c5acd5d9a66dae76be93f896","2015-09-05 06:44:54",15,"XBT","BuyBTC",1.74884,405.9757176,"New"
"173","85893e13c5acd5d9a66dae76be93f896","2015-09-05 06:45:07",1,"XBT","SendBTC",-1.74884,-405.9757176,"New"
"174","85893e13c5acd5d9a66dae76be93f896","2015-09-06 15:20:36",1,"XBT","ReceiveBTC",0.00505605,1.226799972,"New"
"175","85893e13c5acd5d9a66dae76be93f896","2015-09-07 13:10:43",14,"XBT","SellBTC",-0.00505605,-1.2260415645,"New"
"176","85893e13c5acd5d9a66dae76be93f896","2015-09-16 06:34:44",15,"XBT","BuyBTC",0.00477,1.1100744,"New"
"177","85893e13c5acd5d9a66dae76be93f896","2015-09-16 06:37:09",1,"XBT","SendBTC",-0.00477,-1.1100744,"New"
"178","85893e13c5acd5d9a66dae76be93f896","2015-09-17 07:09:08",1,"MYR","FiatDeposit",5150,22373.8641280831,"New"
"179","85893e13c5acd5d9a66dae76be93f896","2015-09-17 10:36:05",15,"XBT","BuyBTC",1.73094,399.5528802,"New"
"180","85893e13c5acd5d9a66dae76be93f896","2015-09-17 10:38:29",15,"XBT","BuyBTC",1.24014,286.2615162,"New"
"181","85893e13c5acd5d9a66dae76be93f896","2015-09-17 10:40:34",1,"XBT","SendBTC",-2.97108,-685.8143964,"New"
"182","85893e13c5acd5d9a66dae76be93f896","2015-10-27 08:19:12",1,"XBT","ReceiveBTC",1e-04,0.029175,"Returning"
"183","85893e13c5acd5d9a66dae76be93f896","2015-10-28 13:54:04",1,"XBT","ReceiveBTC",1e-04,0.030464,"Returning"
"184","85893e13c5acd5d9a66dae76be93f896","2015-11-10 01:34:13",1,"XBT","SendBTC",-1e-04,-0.037571,"Returning"
"185","85893e13c5acd5d9a66dae76be93f896","2015-11-13 22:51:24",1,"XBT","SendBTC",-1e-04,-0.033732,"Returning"
"186","85893e13c5acd5d9a66dae76be93f896","2016-04-04 10:37:13",1,"MYR","FiatDeposit",100,396.262657402357,"Reactivated"
"187","85893e13c5acd5d9a66dae76be93f896","2016-04-04 12:10:41",15,"XBT","BuyBTC",0.03357,14.106114,"Reactivated"
"188","85893e13c5acd5d9a66dae76be93f896","2016-04-04 23:56:36",1,"XBT","SendBTC",-0.006,-2.53386,"Reactivated"
"189","85893e13c5acd5d9a66dae76be93f896","2016-04-25 01:55:52",1,"XBT","SendBTC",-0.02757,-12.6287142,"Reactivated"
"190","a1718fd0b29f02fba35983ef95383b42","2015-09-09 15:05:00",1,"ZAR","FiatDeposit",30000,448885.568422363,"New"
"191","a1718fd0b29f02fba35983ef95383b42","2015-09-09 15:11:06",4,"ZAR","Bid",0,0,"New"
"192","a1718fd0b29f02fba35983ef95383b42","2015-09-09 15:11:06",7,"XBT","TradeBuy",0.736615,177.47265195,"New"
"193","a1718fd0b29f02fba35983ef95383b42","2015-09-09 15:11:06",22,"XBT","TradeBidFeeDebit",-0.00736599999999998,-1.77469038,"New"
"194","a1718fd0b29f02fba35983ef95383b42","2015-09-09 15:11:06",7,"XBT","TradeBuy",0.03496,8.4229128,"New"
"195","a1718fd0b29f02fba35983ef95383b42","2015-09-09 15:11:06",22,"XBT","TradeBidFeeDebit",-0.000349000000000044,-0.0840845700000105,"New"
"196","a1718fd0b29f02fba35983ef95383b42","2015-09-09 15:11:07",7,"XBT","TradeBuy",0.0512,12.335616,"New"
"197","a1718fd0b29f02fba35983ef95383b42","2015-09-09 15:11:07",22,"XBT","TradeBidFeeDebit",-0.000511999999999957,-0.12335615999999,"New"
"198","a1718fd0b29f02fba35983ef95383b42","2015-09-09 15:11:07",7,"XBT","TradeBuy",0.0550999999999999,13.275243,"New"
"199","a1718fd0b29f02fba35983ef95383b42","2015-09-09 15:11:07",22,"XBT","TradeBidFeeDebit",-0.000550999999999968,-0.132752429999992,"New"
"200","a1718fd0b29f02fba35983ef95383b42","2015-09-09 15:11:07",7,"XBT","TradeBuy",0.0551,13.275243,"New"
"201","a1718fd0b29f02fba35983ef95383b42","2015-09-09 15:11:07",22,"XBT","TradeBidFeeDebit",-0.000551000000000079,-0.132752430000019,"New"
"202","a1718fd0b29f02fba35983ef95383b42","2015-09-09 15:11:07",7,"XBT","TradeBuy",0.0551,13.275243,"New"
"203","a1718fd0b29f02fba35983ef95383b42","2015-09-09 15:11:07",22,"XBT","TradeBidFeeDebit",-0.000550999999999968,-0.132752429999992,"New"
"204","a1718fd0b29f02fba35983ef95383b42","2015-09-09 15:11:07",7,"XBT","TradeBuy",2,481.86,"New"
"205","a1718fd0b29f02fba35983ef95383b42","2015-09-09 15:11:07",22,"XBT","TradeBidFeeDebit",-0.02,-4.8186,"New"
"206","a1718fd0b29f02fba35983ef95383b42","2015-09-09 15:11:07",7,"XBT","TradeBuy",1.301315,313.52582295,"New"
"207","a1718fd0b29f02fba35983ef95383b42","2015-09-09 15:11:07",22,"XBT","TradeBidFeeDebit",-0.0130129999999999,-3.13522208999999,"New"
"208","a1718fd0b29f02fba35983ef95383b42","2015-09-09 15:15:44",4,"ZAR","Bid",0,0,"New"
"209","a1718fd0b29f02fba35983ef95383b42","2015-09-09 15:15:45",7,"XBT","TradeBuy",0.00118799999999997,0.286224839999992,"New"
"210","a1718fd0b29f02fba35983ef95383b42","2015-09-09 15:15:45",22,"XBT","TradeBidFeeDebit",-1.09999999997612e-05,-0.00265022999994247,"New"
"211","4b267978b61814949c2254f3433a8851","2015-10-06 09:44:16",1,"ZAR","FiatDeposit",1500,21993.1765866491,"New"
"212","4b267978b61814949c2254f3433a8851","2015-10-06 20:45:47",15,"XBT","BuyBTC",0.20491,50.6455556,"New"
"213","4b267978b61814949c2254f3433a8851","2015-10-06 20:45:50",1,"XBT","SendBTC",-0.20491,-50.6455556,"New"
"214","9cfe3731347f1b9a54f37d3cbd2e021f","2015-10-07 12:23:09",1,"XBT","ReceiveBTC",0.00917071,2.2570951452,"New"
"215","9cfe3731347f1b9a54f37d3cbd2e021f","2015-10-09 14:29:54",1,"XBT","SendBTC",-0.00917,-2.2606801,"New"
"216","9cfe3731347f1b9a54f37d3cbd2e021f","2015-10-14 07:34:06",1,"ZAR","FiatDeposit",500,7198.87511387492,"New"
"217","9cfe3731347f1b9a54f37d3cbd2e021f","2015-10-14 07:40:15",4,"ZAR","Bid",0,0,"New"
"218","9cfe3731347f1b9a54f37d3cbd2e021f","2015-10-14 10:42:26",4,"ZAR","Bid",0,0,"New"
"219","9cfe3731347f1b9a54f37d3cbd2e021f","2015-10-14 11:01:11",4,"ZAR","Bid",0,0,"New"
"220","9cfe3731347f1b9a54f37d3cbd2e021f","2015-10-14 11:17:14",15,"XBT","BuyBTC",0.06542,16.5106996,"New"
"221","9cfe3731347f1b9a54f37d3cbd2e021f","2015-10-14 11:23:42",1,"XBT","SendBTC",-0.06542,-16.5106996,"New"
"222","9cfe3731347f1b9a54f37d3cbd2e021f","2015-10-30 06:28:57",1,"ZAR","FiatDeposit",1000,14639.6671968677,"New"
"223","9cfe3731347f1b9a54f37d3cbd2e021f","2015-10-30 06:41:49",4,"ZAR","Bid",0,0,"New"
"224","9cfe3731347f1b9a54f37d3cbd2e021f","2015-10-30 06:44:41",4,"ZAR","Bid",0,0,"New"
"225","9cfe3731347f1b9a54f37d3cbd2e021f","2015-10-30 06:54:19",4,"ZAR","Bid",0,0,"New"
"226","9cfe3731347f1b9a54f37d3cbd2e021f","2015-10-30 07:34:43",15,"XBT","BuyBTC",0.11358,37.8607572,"New"
"227","9cfe3731347f1b9a54f37d3cbd2e021f","2015-10-30 08:39:18",14,"XBT","SellBTC",-0.113,-37.62448,"New"
"228","9cfe3731347f1b9a54f37d3cbd2e021f","2015-10-30 08:49:12",4,"ZAR","Bid",0,0,"New"
"229","9cfe3731347f1b9a54f37d3cbd2e021f","2015-10-30 11:32:54",4,"ZAR","Bid",0,0,"New"
"230","9cfe3731347f1b9a54f37d3cbd2e021f","2015-11-01 03:52:18",15,"XBT","BuyBTC",0.10744,33.6727704,"Returning"
"231","9cfe3731347f1b9a54f37d3cbd2e021f","2015-11-01 04:35:39",4,"XBT","Ask",0,0,"Returning"
"232","9cfe3731347f1b9a54f37d3cbd2e021f","2015-11-01 05:15:17",4,"XBT","Ask",0,0,"Returning"
"233","9cfe3731347f1b9a54f37d3cbd2e021f","2015-11-01 05:22:46",6,"XBT","TradeSell",-0.10802,-34.5480366,"Returning"
"234","9cfe3731347f1b9a54f37d3cbd2e021f","2015-11-01 05:27:19",4,"ZAR","Bid",0,0,"Returning"
"235","9cfe3731347f1b9a54f37d3cbd2e021f","2015-11-01 05:36:25",4,"ZAR","Bid",0,0,"Returning"
"236","9cfe3731347f1b9a54f37d3cbd2e021f","2015-11-01 05:43:58",4,"ZAR","Bid",0,0,"Returning"
"237","9cfe3731347f1b9a54f37d3cbd2e021f","2015-11-01 06:56:46",4,"ZAR","Bid",0,0,"Returning"
"238","9cfe3731347f1b9a54f37d3cbd2e021f","2015-11-01 08:53:40",7,"XBT","TradeBuy",0.108322,34.42798126,"Returning"
"239","9cfe3731347f1b9a54f37d3cbd2e021f","2015-11-01 08:58:04",4,"XBT","Ask",0,0,"Returning"
"240","9cfe3731347f1b9a54f37d3cbd2e021f","2015-11-01 08:58:04",6,"XBT","TradeSell",-0.003424,-1.08824992,"Returning"
"241","9cfe3731347f1b9a54f37d3cbd2e021f","2015-11-01 08:58:04",24,"XBT","TradeAskFeeDebit",-3.40000000000062e-05,-0.010806220000002,"Returning"
"242","9cfe3731347f1b9a54f37d3cbd2e021f","2015-11-01 08:58:08",6,"XBT","TradeSell",-0.103826,-32.99901758,"Returning"
"243","9cfe3731347f1b9a54f37d3cbd2e021f","2015-11-01 09:00:20",4,"ZAR","Bid",0,0,"Returning"
"244","9cfe3731347f1b9a54f37d3cbd2e021f","2015-11-01 09:03:16",4,"ZAR","Bid",0,0,"Returning"
"245","9cfe3731347f1b9a54f37d3cbd2e021f","2015-11-01 09:32:24",4,"ZAR","Bid",0,0,"Returning"
"246","9cfe3731347f1b9a54f37d3cbd2e021f","2015-11-01 10:03:30",4,"ZAR","Bid",0,0,"Returning"
"247","9cfe3731347f1b9a54f37d3cbd2e021f","2015-11-01 10:21:15",4,"ZAR","Bid",0,0,"Returning"
"248","9cfe3731347f1b9a54f37d3cbd2e021f","2015-11-01 10:33:24",4,"ZAR","Bid",0,0,"Returning"
"249","9cfe3731347f1b9a54f37d3cbd2e021f","2015-11-01 10:39:52",4,"ZAR","Bid",0,0,"Returning"
"250","9cfe3731347f1b9a54f37d3cbd2e021f","2015-11-01 10:48:39",4,"ZAR","Bid",0,0,"Returning"
"251","9cfe3731347f1b9a54f37d3cbd2e021f","2015-11-01 10:49:55",4,"ZAR","Bid",0,0,"Returning"
"252","9cfe3731347f1b9a54f37d3cbd2e021f","2015-11-01 10:54:08",4,"ZAR","Bid",0,0,"Returning"
"253","9cfe3731347f1b9a54f37d3cbd2e021f","2015-11-01 10:59:03",4,"ZAR","Bid",0,0,"Returning"
"254","9cfe3731347f1b9a54f37d3cbd2e021f","2015-11-01 11:05:09",4,"ZAR","Bid",0,0,"Returning"
"255","9cfe3731347f1b9a54f37d3cbd2e021f","2015-11-01 16:33:30",4,"ZAR","Bid",0,0,"Returning"
"256","9cfe3731347f1b9a54f37d3cbd2e021f","2015-11-01 16:50:34",4,"ZAR","Bid",0,0,"Returning"
"257","9cfe3731347f1b9a54f37d3cbd2e021f","2015-11-01 16:52:41",4,"ZAR","Bid",0,0,"Returning"
"258","9cfe3731347f1b9a54f37d3cbd2e021f","2015-11-01 17:09:15",4,"ZAR","Bid",0,0,"Returning"
"259","9cfe3731347f1b9a54f37d3cbd2e021f","2015-11-01 17:10:44",7,"XBT","TradeBuy",0.107131,33.90374757,"Returning"
"260","9cfe3731347f1b9a54f37d3cbd2e021f","2015-11-01 17:12:11",4,"XBT","Ask",0,0,"Returning"
"261","9cfe3731347f1b9a54f37d3cbd2e021f","2015-11-01 17:18:32",4,"XBT","Ask",0,0,"Returning"
"262","9cfe3731347f1b9a54f37d3cbd2e021f","2015-11-01 17:20:46",4,"XBT","Ask",0,0,"Returning"
"263","9cfe3731347f1b9a54f37d3cbd2e021f","2015-11-01 17:22:31",4,"XBT","Ask",0,0,"Returning"
"264","9cfe3731347f1b9a54f37d3cbd2e021f","2015-11-01 17:59:54",1,"XBT","SendBTC",-0.10816971,-34.0453345254,"Returning"
"265","9cfe3731347f1b9a54f37d3cbd2e021f","2015-11-03 07:32:45",1,"XBT","ReceiveBTC",0.04182186,15.413446503,"Returning"
"266","9cfe3731347f1b9a54f37d3cbd2e021f","2015-11-03 07:42:29",4,"XBT","Ask",0,0,"Returning"
"267","9cfe3731347f1b9a54f37d3cbd2e021f","2015-11-03 07:48:10",4,"XBT","Ask",0,0,"Returning"
"268","9cfe3731347f1b9a54f37d3cbd2e021f","2015-11-03 07:52:50",4,"XBT","Ask",0,0,"Returning"
"269","9cfe3731347f1b9a54f37d3cbd2e021f","2015-11-03 07:54:07",4,"XBT","Ask",0,0,"Returning"
"270","9cfe3731347f1b9a54f37d3cbd2e021f","2015-11-03 08:00:41",4,"XBT","Ask",0,0,"Returning"
"271","9cfe3731347f1b9a54f37d3cbd2e021f","2015-11-03 08:01:55",4,"XBT","Ask",0,0,"Returning"
"272","9cfe3731347f1b9a54f37d3cbd2e021f","2015-11-03 08:05:57",4,"XBT","Ask",0,0,"Returning"
"273","9cfe3731347f1b9a54f37d3cbd2e021f","2015-11-03 08:09:51",4,"XBT","Ask",0,0,"Returning"
"274","9cfe3731347f1b9a54f37d3cbd2e021f","2015-11-03 08:11:06",4,"XBT","Ask",0,0,"Returning"
"275","9cfe3731347f1b9a54f37d3cbd2e021f","2015-11-03 08:14:32",4,"XBT","Ask",0,0,"Returning"
"276","9cfe3731347f1b9a54f37d3cbd2e021f","2015-11-03 08:18:53",4,"XBT","Ask",0,0,"Returning"
"277","9cfe3731347f1b9a54f37d3cbd2e021f","2015-11-03 08:23:11",4,"XBT","Ask",0,0,"Returning"
"278","9cfe3731347f1b9a54f37d3cbd2e021f","2015-11-03 08:29:31",6,"XBT","TradeSell",-0.041821,-15.52646446,"Returning"
"279","9cfe3731347f1b9a54f37d3cbd2e021f","2015-11-03 08:33:15",4,"ZAR","Bid",0,0,"Returning"
"280","9cfe3731347f1b9a54f37d3cbd2e021f","2015-11-03 08:42:33",4,"ZAR","Bid",0,0,"Returning"
"281","9cfe3731347f1b9a54f37d3cbd2e021f","2015-11-03 08:46:56",4,"ZAR","Bid",0,0,"Returning"
"282","9cfe3731347f1b9a54f37d3cbd2e021f","2015-11-03 09:00:28",4,"ZAR","Bid",0,0,"Returning"
"283","9cfe3731347f1b9a54f37d3cbd2e021f","2015-11-03 09:03:37",4,"ZAR","Bid",0,0,"Returning"
"284","9cfe3731347f1b9a54f37d3cbd2e021f","2015-11-03 09:08:52",4,"ZAR","Bid",0,0,"Returning"
"285","9cfe3731347f1b9a54f37d3cbd2e021f","2015-11-03 09:18:04",4,"ZAR","Bid",0,0,"Returning"
"286","9cfe3731347f1b9a54f37d3cbd2e021f","2015-11-03 09:22:37",4,"ZAR","Bid",0,0,"Returning"
"287","9cfe3731347f1b9a54f37d3cbd2e021f","2015-11-03 09:24:51",4,"ZAR","Bid",0,0,"Returning"
"288","9cfe3731347f1b9a54f37d3cbd2e021f","2015-11-03 09:26:27",7,"XBT","TradeBuy",0.041683,15.64946552,"Returning"
"289","9cfe3731347f1b9a54f37d3cbd2e021f","2015-11-03 09:27:51",4,"XBT","Ask",0,0,"Returning"
"290","9cfe3731347f1b9a54f37d3cbd2e021f","2015-11-03 09:28:47",6,"XBT","TradeSell",-0.041683,-15.64946552,"Returning"
"291","9cfe3731347f1b9a54f37d3cbd2e021f","2015-11-03 09:40:51",4,"ZAR","Bid",0,0,"Returning"
"292","9cfe3731347f1b9a54f37d3cbd2e021f","2015-11-03 09:41:53",4,"ZAR","Bid",0,0,"Returning"
"293","9cfe3731347f1b9a54f37d3cbd2e021f","2015-11-03 09:44:32",4,"ZAR","Bid",0,0,"Returning"
"294","9cfe3731347f1b9a54f37d3cbd2e021f","2015-11-03 09:47:12",4,"ZAR","Bid",0,0,"Returning"
"295","9cfe3731347f1b9a54f37d3cbd2e021f","2015-11-03 09:47:49",4,"ZAR","Bid",0,0,"Returning"
"296","9cfe3731347f1b9a54f37d3cbd2e021f","2015-11-03 10:08:39",4,"ZAR","Bid",0,0,"Returning"
"297","9cfe3731347f1b9a54f37d3cbd2e021f","2015-11-03 10:19:42",4,"ZAR","Bid",0,0,"Returning"
"298","9cfe3731347f1b9a54f37d3cbd2e021f","2015-11-03 10:26:33",4,"ZAR","Bid",0,0,"Returning"
"299","9cfe3731347f1b9a54f37d3cbd2e021f","2015-11-03 11:08:17",4,"ZAR","Bid",0,0,"Returning"
"300","9cfe3731347f1b9a54f37d3cbd2e021f","2015-11-03 18:16:56",4,"ZAR","Bid",0,0,"Returning"
"301","9cfe3731347f1b9a54f37d3cbd2e021f","2015-11-03 18:18:38",4,"ZAR","Bid",0,0,"Returning"
"302","9cfe3731347f1b9a54f37d3cbd2e021f","2015-11-03 18:27:53",7,"XBT","TradeBuy",0.041349,17.11517808,"Returning"
"303","9cfe3731347f1b9a54f37d3cbd2e021f","2015-11-03 18:30:40",4,"XBT","Ask",0,0,"Returning"
"304","9cfe3731347f1b9a54f37d3cbd2e021f","2015-11-03 18:31:21",4,"XBT","Ask",0,0,"Returning"
"305","9cfe3731347f1b9a54f37d3cbd2e021f","2015-11-03 18:32:54",4,"XBT","Ask",0,0,"Returning"
"306","9cfe3731347f1b9a54f37d3cbd2e021f","2015-11-03 18:35:59",6,"XBT","TradeSell",-0.02717,-11.2462064,"Returning"
"307","9cfe3731347f1b9a54f37d3cbd2e021f","2015-11-03 18:39:10",4,"XBT","Ask",0,0,"Returning"
"308","9cfe3731347f1b9a54f37d3cbd2e021f","2015-11-03 18:42:45",4,"XBT","Ask",0,0,"Returning"
"309","9cfe3731347f1b9a54f37d3cbd2e021f","2015-11-03 18:52:02",4,"XBT","Ask",0,0,"Returning"
"310","9cfe3731347f1b9a54f37d3cbd2e021f","2015-11-03 19:06:07",4,"XBT","Ask",0,0,"Returning"
"311","9cfe3731347f1b9a54f37d3cbd2e021f","2015-11-04 12:29:49",4,"ZAR","Bid",0,0,"Returning"
"312","9cfe3731347f1b9a54f37d3cbd2e021f","2015-11-04 12:30:17",4,"ZAR","Bid",0,0,"Returning"
"313","9cfe3731347f1b9a54f37d3cbd2e021f","2015-11-04 12:36:29",4,"XBT","Ask",0,0,"Returning"
"314","9cfe3731347f1b9a54f37d3cbd2e021f","2015-11-04 12:37:14",4,"ZAR","Bid",0,0,"Returning"
"315","9cfe3731347f1b9a54f37d3cbd2e021f","2015-11-04 12:40:03",6,"XBT","TradeSell",-0.014179,-6.63903317,"Returning"
"316","9cfe3731347f1b9a54f37d3cbd2e021f","2015-11-04 12:43:04",4,"ZAR","Bid",0,0,"Returning"
"317","9cfe3731347f1b9a54f37d3cbd2e021f","2015-11-04 12:43:04",7,"XBT","TradeBuy",0.041025,19.20913575,"Returning"
"318","9cfe3731347f1b9a54f37d3cbd2e021f","2015-11-04 12:43:04",22,"XBT","TradeBidFeeDebit",-0.000410000000000001,-0.1919743,"Returning"
"319","9cfe3731347f1b9a54f37d3cbd2e021f","2015-11-04 12:44:08",4,"XBT","Ask",0,0,"Returning"
"320","9cfe3731347f1b9a54f37d3cbd2e021f","2015-11-04 13:00:04",4,"XBT","Ask",0,0,"Returning"
"321","9cfe3731347f1b9a54f37d3cbd2e021f","2015-11-04 13:06:44",4,"XBT","Ask",0,0,"Returning"
"322","9cfe3731347f1b9a54f37d3cbd2e021f","2015-11-04 13:17:12",1,"XBT","SendBTC",-0.0406,-19.794936,"Returning"
"323","9cfe3731347f1b9a54f37d3cbd2e021f","2016-02-15 10:34:08",1,"XBT","ReceiveBTC",0.0131576,5.339485656,"Reactivated"
"324","9cfe3731347f1b9a54f37d3cbd2e021f","2016-02-15 10:38:41",1,"XBT","ReceiveBTC",0.00328974,1.3271469108,"Reactivated"
"325","5f4ef5100caa2b429ebc81e937766e13","2015-10-16 23:37:22",1,"XBT","ReceiveBTC",0.02888974,7.6159132588,"New"
"326","5f4ef5100caa2b429ebc81e937766e13","2016-11-26 17:46:44",1,"XBT","SendBTC",-0.02888974,-21.3469177834,"Reactivated"
"327","ad68d1037f71de892c6308f4bbf8a8b9","2015-11-30 14:42:45",1,"MYR","FiatDeposit",50,210.149189882894,"New"
"328","ad68d1037f71de892c6308f4bbf8a8b9","2015-12-01 14:34:38",1,"MYR","FiatDeposit",100,416.529379461834,"Returning"
"329","ad68d1037f71de892c6308f4bbf8a8b9","2015-12-01 15:06:49",15,"XBT","BuyBTC",0.05,18.21,"Returning"
"330","ad68d1037f71de892c6308f4bbf8a8b9","2015-12-01 15:42:55",1,"XBT","SendBTC",-0.05,-18.2435,"Returning"
"331","ad68d1037f71de892c6308f4bbf8a8b9","2015-12-05 15:15:35",1,"MYR","FiatDeposit",20,81.529334212261,"Returning"
"332","ea776c620e668523d2698f4cf8910879","2015-12-02 16:46:19",1,"XBT","ReceiveBTC",0.00036055,0.129754734,"New"
"333","18694b7c8796f902c5b01ef949bd32da","2015-12-22 15:49:06",1,"XBT","ReceiveBTC",0.01345616,5.8880119312,"New"
"334","18694b7c8796f902c5b01ef949bd32da","2015-12-23 07:00:37",1,"XBT","SendBTC",-0.01345616,-5.9357812992,"New"
"335","72c382c5b29bc6c91a39e122192972c0","2016-01-07 15:15:40",1,"XBT","ReceiveBTC",0.0001016,0.045895768,"New"
"336","72c382c5b29bc6c91a39e122192972c0","2016-01-21 16:44:45",1,"XBT","ReceiveBTC",0.0002069,0.084526926,"New"
"337","72c382c5b29bc6c91a39e122192972c0","2016-01-24 10:10:04",1,"XBT","ReceiveBTC",0.0001175,0.047316075,"New"
"338","72c382c5b29bc6c91a39e122192972c0","2016-01-24 22:47:06",1,"XBT","ReceiveBTC",0.0001175,0.047487625,"New"
"339","d6ac4f291ea57264c1a74b57d763ec74","2016-01-10 09:20:57",1,"XBT","ReceiveBTC",0.03420967,15.2253557302,"New"
"340","d6ac4f291ea57264c1a74b57d763ec74","2016-01-10 11:26:39",1,"XBT","SendBTC",-0.03,-13.3074,"New"
"341","d6ac4f291ea57264c1a74b57d763ec74","2016-01-12 03:35:53",1,"XBT","SendBTC",-0.00342,-1.5346566,"New"
"342","d6ac4f291ea57264c1a74b57d763ec74","2016-01-13 11:27:08",1,"XBT","ReceiveBTC",0.00466315,2.003475766,"New"
"343","d6ac4f291ea57264c1a74b57d763ec74","2016-01-14 06:20:14",1,"XBT","SendBTC",-0.00517,-2.2430562,"New"
"344","d6ac4f291ea57264c1a74b57d763ec74","2016-01-14 06:54:07",1,"XBT","ReceiveBTC",0.00196262,0.8473219326,"New"
"345","d6ac4f291ea57264c1a74b57d763ec74","2016-01-17 15:22:19",1,"XBT","ReceiveBTC",0.03822557,14.747424906,"New"
"346","d6ac4f291ea57264c1a74b57d763ec74","2016-01-17 15:44:44",1,"XBT","SendBTC",-0.01,-3.8781,"New"
"347","d6ac4f291ea57264c1a74b57d763ec74","2016-01-17 15:47:39",1,"XBT","SendBTC",-0.01,-3.8781,"New"
"348","d6ac4f291ea57264c1a74b57d763ec74","2016-01-17 16:01:37",1,"XBT","SendBTC",-0.01,-3.8781,"New"
"349","d6ac4f291ea57264c1a74b57d763ec74","2016-01-19 22:23:53",1,"XBT","ReceiveBTC",0.002,0.76632,"New"
"350","d6ac4f291ea57264c1a74b57d763ec74","2016-01-19 22:29:52",1,"XBT","ReceiveBTC",0.00108,0.4138128,"New"
"351","d6ac4f291ea57264c1a74b57d763ec74","2016-01-20 07:07:12",1,"XBT","SendBTC",-0.01,-3.8232,"New"
"352","d6ac4f291ea57264c1a74b57d763ec74","2016-01-20 19:23:53",1,"XBT","SendBTC",-0.00173,-0.7078468,"New"
"353","d6ac4f291ea57264c1a74b57d763ec74","2016-01-21 10:46:44",1,"XBT","ReceiveBTC",0.00472161,1.9654173786,"New"
"354","d6ac4f291ea57264c1a74b57d763ec74","2016-01-21 15:56:36",1,"XBT","SendBTC",-0.002,-0.83144,"New"
"355","d6ac4f291ea57264c1a74b57d763ec74","2016-01-21 16:19:33",1,"XBT","SendBTC",-0.00454,-1.8873688,"New"
"356","d6ac4f291ea57264c1a74b57d763ec74","2016-01-23 18:38:06",1,"XBT","ReceiveBTC",0.00876831,3.423148224,"New"
"357","d6ac4f291ea57264c1a74b57d763ec74","2016-01-23 20:36:58",1,"XBT","ReceiveBTC",0.00174972,0.682565772,"New"
"358","d6ac4f291ea57264c1a74b57d763ec74","2016-01-23 21:30:32",1,"XBT","ReceiveBTC",0.00161435,0.633244931,"New"
"359","d6ac4f291ea57264c1a74b57d763ec74","2016-01-23 21:30:32",1,"XBT","ReceiveBTC",0.00186,0.7296036,"New"
"360","d6ac4f291ea57264c1a74b57d763ec74","2016-01-24 10:20:26",1,"XBT","SendBTC",-0.01,-4.0269,"New"
"361","d6ac4f291ea57264c1a74b57d763ec74","2016-01-25 13:28:55",1,"XBT","SendBTC",-0.00349,-1.3950577,"New"
"362","d6ac4f291ea57264c1a74b57d763ec74","2016-01-26 14:48:35",1,"XBT","ReceiveBTC",0.00508276,2.0202954448,"New"
"363","d6ac4f291ea57264c1a74b57d763ec74","2016-01-26 15:11:15",1,"XBT","SendBTC",-0.00346,-1.3635514,"New"
"364","d6ac4f291ea57264c1a74b57d763ec74","2016-01-27 12:12:57",1,"XBT","ReceiveBTC",0.00198884,0.7910014448,"New"
"365","d6ac4f291ea57264c1a74b57d763ec74","2016-01-27 14:58:21",1,"XBT","SendBTC",-0.00349,-1.3894737,"New"
"366","d6ac4f291ea57264c1a74b57d763ec74","2016-01-27 15:28:09",1,"XBT","ReceiveBTC",0.00184,0.7325592,"New"
"367","d6ac4f291ea57264c1a74b57d763ec74","2016-01-27 21:58:34",1,"XBT","ReceiveBTC",0.00446536,1.77386426,"New"
"368","d6ac4f291ea57264c1a74b57d763ec74","2016-01-28 02:11:58",1,"XBT","SendBTC",-0.00352,-1.3970176,"New"
"369","d6ac4f291ea57264c1a74b57d763ec74","2016-01-29 01:07:02",1,"XBT","SendBTC",-0.0034,-1.260006,"New"
"370","d6ac4f291ea57264c1a74b57d763ec74","2016-01-31 04:21:34",1,"XBT","ReceiveBTC",0.00076938,0.2938108344,"New"
"371","d6ac4f291ea57264c1a74b57d763ec74","2016-02-07 17:14:22",1,"XBT","ReceiveBTC",0.0053,2.012675,"Returning"
"372","d6ac4f291ea57264c1a74b57d763ec74","2016-02-08 10:10:15",1,"XBT","SendBTC",-0.00608,-2.3077248,"Returning"
"373","d6ac4f291ea57264c1a74b57d763ec74","2016-02-13 07:07:33",1,"XBT","ReceiveBTC",0.00329336,1.29017378,"Returning"
"374","d6ac4f291ea57264c1a74b57d763ec74","2016-02-13 08:09:03",1,"XBT","ReceiveBTC",0.00275438,1.0792762592,"Returning"
"375","d6ac4f291ea57264c1a74b57d763ec74","2016-02-13 09:20:09",1,"XBT","ReceiveBTC",0.00424913,1.6623871299,"Returning"
"376","d6ac4f291ea57264c1a74b57d763ec74","2016-02-13 14:35:58",1,"XBT","SendBTC",-0.00329,-1.2823762,"Returning"
"377","d6ac4f291ea57264c1a74b57d763ec74","2016-02-14 23:46:47",1,"XBT","SendBTC",-0.00329,-1.340675,"Returning"
"378","d6ac4f291ea57264c1a74b57d763ec74","2016-02-16 02:21:00",1,"XBT","SendBTC",-0.00329,-1.320935,"Returning"
"379","d6ac4f291ea57264c1a74b57d763ec74","2016-02-16 02:56:18",1,"XBT","ReceiveBTC",0.00483093,1.9413575298,"Returning"
"380","d6ac4f291ea57264c1a74b57d763ec74","2016-02-17 21:33:52",1,"XBT","SendBTC",-0.00495,-2.0828115,"Returning"
"381","0a25fcdd5bbfeae22ea9c8247cb596c5","2016-01-13 22:14:11",1,"XBT","ReceiveBTC",5,2148.05,"New"
"382","0a25fcdd5bbfeae22ea9c8247cb596c5","2016-01-13 22:34:08",4,"XBT","Ask",0,0,"New"
"383","0a25fcdd5bbfeae22ea9c8247cb596c5","2016-02-04 15:31:48",1,"XBT","SendBTC",-2,-772.92,"Returning"
"384","0a25fcdd5bbfeae22ea9c8247cb596c5","2016-02-04 16:41:43",1,"XBT","SendBTC",-3,-1166.64,"Returning"
"385","9fd4e3423da76fbba14532ef66928bd6","2016-01-18 21:07:12",1,"XBT","ReceiveBTC",0.375,145.03125,"New"
"386","9fd4e3423da76fbba14532ef66928bd6","2016-01-19 11:38:23",1,"XBT","SendBTC",-0.121449,-47.04327015,"New"
"387","9fd4e3423da76fbba14532ef66928bd6","2016-01-19 11:38:26",1,"XBT","SendBTC",-0.25,-96.8375,"New"
"388","60e8b5986d191ec2a2488b7e18cbe49c","2016-01-24 11:49:44",1,"XBT","ReceiveBTC",0.0163,6.538908,"New"
"389","31971f3d2122bd54916202aca0c9fa50","2016-01-29 12:04:22",1,"ZAR","FiatDeposit",150,2632.70882123341,"New"
"390","31971f3d2122bd54916202aca0c9fa50","2016-01-29 12:27:34",15,"XBT","BuyBTC",0.01746,6.709878,"New"
"391","31971f3d2122bd54916202aca0c9fa50","2016-01-29 12:27:39",1,"XBT","SendBTC",-0.01746,-6.709878,"New"
"392","31971f3d2122bd54916202aca0c9fa50","2016-06-09 11:51:40",1,"ZAR","FiatDeposit",200,3152.99751988369,"Reactivated"
"393","31971f3d2122bd54916202aca0c9fa50","2016-06-09 12:45:07",15,"XBT","BuyBTC",0.01467,8.5442481,"Reactivated"
"394","31971f3d2122bd54916202aca0c9fa50","2016-06-09 12:48:50",1,"XBT","SendBTC",-0.01467,-8.5442481,"Reactivated"
"395","31971f3d2122bd54916202aca0c9fa50","2016-10-26 06:00:41",1,"ZAR","FiatDeposit",200,2833.28560447345,"Reactivated"
"396","31971f3d2122bd54916202aca0c9fa50","2016-10-26 06:07:08",15,"XBT","BuyBTC",0.00489,3.2443683,"Reactivated"
"397","31971f3d2122bd54916202aca0c9fa50","2016-11-06 09:39:47",1,"ZAR","FiatDeposit",300,4297.98946530116,"Returning"
"398","31971f3d2122bd54916202aca0c9fa50","2016-11-06 09:48:03",15,"XBT","BuyBTC",0.00738,5.2820874,"Returning"
"399","66cf4434c5337bf95dfcfed45a5faadf","2016-02-01 13:06:27",1,"XBT","ReceiveBTC",0.00427624,1.6137246888,"New"
"400","7087e55f7d823566cf44e8bbab49c04c","2016-02-03 07:59:42",1,"XBT","ReceiveBTC",0.00174779,0.6588469184,"New"
"401","7087e55f7d823566cf44e8bbab49c04c","2016-02-03 08:29:06",1,"XBT","ReceiveBTC",0.06643692,25.0520337936,"New"
"402","7087e55f7d823566cf44e8bbab49c04c","2016-02-08 11:56:09",1,"XBT","ReceiveBTC",0.13383468,50.796952794,"New"
"403","7087e55f7d823566cf44e8bbab49c04c","2016-02-09 12:49:11",1,"XBT","SendBTC",-0.2016,-75.743136,"New"
"404","d513c287f15183426d9fc124b4e755ee","2016-02-05 14:32:45",1,"ZAR","FiatDeposit",100,1734.60493257448,"New"
"405","d513c287f15183426d9fc124b4e755ee","2016-02-05 14:33:42",15,"XBT","BuyBTC",0.01068,4.1658408,"New"
"406","d513c287f15183426d9fc124b4e755ee","2016-06-11 14:29:04",1,"ZAR","FiatDeposit",300,4807.71197708909,"Reactivated"
"407","d513c287f15183426d9fc124b4e755ee","2016-06-11 14:32:19",15,"XBT","BuyBTC",0.02402,14.0906124,"Reactivated"
"408","543682aca3b1762aa7e24e42f3f453bb","2016-02-07 07:54:29",1,"MYR","FiatDeposit",1500,6455.57581041452,"New"
"409","543682aca3b1762aa7e24e42f3f453bb","2016-02-07 08:25:00",15,"XBT","BuyBTC",0.59544,225.3799944,"New"
"410","543682aca3b1762aa7e24e42f3f453bb","2016-02-07 08:31:19",1,"XBT","SendBTC",-0.59544,-225.2787696,"New"
"411","543682aca3b1762aa7e24e42f3f453bb","2016-02-09 15:05:58",1,"MYR","FiatDeposit",4000,16633.0109469657,"New"
"412","543682aca3b1762aa7e24e42f3f453bb","2016-02-09 15:13:21",15,"XBT","BuyBTC",1.56051,587.3135436,"New"
"413","543682aca3b1762aa7e24e42f3f453bb","2016-02-10 02:53:15",1,"XBT","SendBTC",-1.52956897,-577.2899206574,"New"
"414","bc384b855285e4af16f440efccaa63bf","2016-02-10 09:53:53",1,"XBT","ReceiveBTC",0.0001075,0.0408543,"New"
"415","bc384b855285e4af16f440efccaa63bf","2016-04-05 09:54:48",1,"XBT","ReceiveBTC",0.0004025,0.170982,"Reactivated"
"416","bc384b855285e4af16f440efccaa63bf","2016-07-16 08:47:49",1,"XBT","SendBTC",-0.00051,-0.3414144,"Reactivated"
"417","051bbd48e7d48fe378e1122592c4b85e","2016-02-13 13:01:29",1,"XBT","ReceiveBTC",0.00023085,0.0899922555,"New"
"418","051bbd48e7d48fe378e1122592c4b85e","2016-02-16 12:28:28",1,"XBT","SendBTC",-2e-04,-0.080798,"New"
"419","051bbd48e7d48fe378e1122592c4b85e","2016-02-16 13:14:37",1,"XBT","ReceiveBTC",3e-04,0.121152,"New"
"420","051bbd48e7d48fe378e1122592c4b85e","2016-02-16 17:43:47",1,"XBT","SendBTC",-3e-04,-0.123045,"New"
"421","051bbd48e7d48fe378e1122592c4b85e","2016-02-17 11:40:04",1,"XBT","ReceiveBTC",0.000115,0.0475617,"New"
"422","051bbd48e7d48fe378e1122592c4b85e","2016-02-17 11:58:50",1,"XBT","SendBTC",-0.00014,-0.0579012,"New"
"423","097ccc89932fadf7e995cc111d6a2e16","2016-02-25 02:54:52",1,"XBT","ReceiveBTC",0.0012,0.514032,"New"
"424","097ccc89932fadf7e995cc111d6a2e16","2016-02-25 03:41:30",1,"XBT","SendBTC",-0.001,-0.42665,"New"
"425","097ccc89932fadf7e995cc111d6a2e16","2016-02-26 14:22:40",1,"XBT","ReceiveBTC",0.01527,6.5552583,"New"
"426","097ccc89932fadf7e995cc111d6a2e16","2016-02-26 14:37:30",1,"XBT","SendBTC",-0.0154,-6.597976,"New"
"427","097ccc89932fadf7e995cc111d6a2e16","2016-02-29 07:53:28",1,"XBT","ReceiveBTC",0.002,0.87536,"New"
"428","097ccc89932fadf7e995cc111d6a2e16","2016-02-29 19:22:07",1,"XBT","ReceiveBTC",0.02873,12.5656401,"New"
"429","097ccc89932fadf7e995cc111d6a2e16","2016-02-29 21:18:32",1,"XBT","SendBTC",-0.0308,-13.464836,"New"
"430","097ccc89932fadf7e995cc111d6a2e16","2016-02-29 22:05:38",1,"XBT","ReceiveBTC",0.03507,15.3154197,"New"
"431","097ccc89932fadf7e995cc111d6a2e16","2016-02-29 22:15:44",1,"XBT","SendBTC",-0.03507,-15.3154197,"New"
"432","097ccc89932fadf7e995cc111d6a2e16","2016-02-29 23:03:24",1,"XBT","SendBTC",-0.00207,-0.9075708,"New"
"433","097ccc89932fadf7e995cc111d6a2e16","2016-03-04 03:19:38",1,"XBT","ReceiveBTC",0.00414,1.7570988,"Returning"
"434","097ccc89932fadf7e995cc111d6a2e16","2016-03-05 01:32:55",1,"XBT","ReceiveBTC",0.0616,25.087832,"Returning"
"435","097ccc89932fadf7e995cc111d6a2e16","2016-03-05 02:47:44",1,"XBT","ReceiveBTC",0.07014,28.6178214,"Returning"
"436","097ccc89932fadf7e995cc111d6a2e16","2016-03-05 02:58:20",1,"XBT","SendBTC",-0.13588,-55.4403988,"Returning"
"437","097ccc89932fadf7e995cc111d6a2e16","2016-03-11 05:11:45",1,"XBT","ReceiveBTC",0.006174,2.59721658,"Returning"
"438","097ccc89932fadf7e995cc111d6a2e16","2016-03-11 09:26:34",1,"XBT","SendBTC",-0.006174,-2.60937936,"Returning"
"439","097ccc89932fadf7e995cc111d6a2e16","2016-03-23 00:14:16",1,"XBT","ReceiveBTC",0.0001025,0.043061275,"Returning"
"440","097ccc89932fadf7e995cc111d6a2e16","2016-03-26 13:19:34",1,"XBT","ReceiveBTC",0.0004654,0.197101554,"Returning"
"441","097ccc89932fadf7e995cc111d6a2e16","2016-03-27 21:45:32",1,"XBT","ReceiveBTC",0.00013015,0.055519387,"Returning"
"442","097ccc89932fadf7e995cc111d6a2e16","2016-03-29 02:28:50",1,"XBT","SendBTC",-0.00069,-0.2945817,"Returning"
"443","389defe75a0a4c917bbb19ba0b62a74f","2016-03-14 14:14:25",1,"MYR","FiatDeposit",150,632.612448451136,"New"
"444","389defe75a0a4c917bbb19ba0b62a74f","2016-03-14 14:18:50",15,"XBT","BuyBTC",0.05481,22.8601548,"New"
"445","389defe75a0a4c917bbb19ba0b62a74f","2016-03-14 14:30:44",1,"XBT","SendBTC",-0.051357,-21.42511326,"New"
"446","389defe75a0a4c917bbb19ba0b62a74f","2016-03-16 15:28:41",1,"MYR","FiatDeposit",57.16,237.808726353205,"New"
"447","389defe75a0a4c917bbb19ba0b62a74f","2016-03-17 00:35:45",15,"XBT","BuyBTC",0.02088,8.7754464,"New"
"448","389defe75a0a4c917bbb19ba0b62a74f","2016-03-17 00:42:00",1,"XBT","SendBTC",-0.023348,-9.81363136,"New"
"449","389defe75a0a4c917bbb19ba0b62a74f","2016-03-29 16:17:19",1,"MYR","FiatDeposit",455.5,1849.09082174341,"New"
"450","389defe75a0a4c917bbb19ba0b62a74f","2016-03-30 00:51:42",15,"XBT","BuyBTC",0.15287,63.7024577,"New"
"451","389defe75a0a4c917bbb19ba0b62a74f","2016-03-30 07:55:00",1,"XBT","SendBTC",-0.153026,-63.66799756,"New"
"452","389defe75a0a4c917bbb19ba0b62a74f","2016-04-02 04:35:50",1,"MYR","FiatDeposit",50,204.914144768049,"Returning"
"453","389defe75a0a4c917bbb19ba0b62a74f","2016-04-02 04:43:44",15,"XBT","BuyBTC",0.01609,6.7841876,"Returning"
"454","389defe75a0a4c917bbb19ba0b62a74f","2016-04-02 04:54:22",1,"XBT","SendBTC",-0.015646,-6.60840102,"Returning"
"455","389defe75a0a4c917bbb19ba0b62a74f","2016-04-04 03:21:56",1,"MYR","FiatDeposit",350,1384.26518708209,"Returning"
"456","389defe75a0a4c917bbb19ba0b62a74f","2016-04-04 03:26:14",15,"XBT","BuyBTC",0.11631,49.0525794,"Returning"
"457","389defe75a0a4c917bbb19ba0b62a74f","2016-04-04 03:28:16",1,"XBT","SendBTC",-0.115677,-48.78561798,"Returning"
"458","389defe75a0a4c917bbb19ba0b62a74f","2016-04-07 07:40:44",1,"MYR","FiatDeposit",150,589.643219279836,"Returning"
"459","389defe75a0a4c917bbb19ba0b62a74f","2016-04-07 07:45:23",15,"XBT","BuyBTC",0.05027,21.3179989,"Returning"
"460","389defe75a0a4c917bbb19ba0b62a74f","2016-04-07 08:03:15",1,"XBT","SendBTC",-0.051418,-21.82077084,"Returning"
"461","389defe75a0a4c917bbb19ba0b62a74f","2016-04-08 00:33:52",1,"MYR","FiatDeposit",54,212.400425481622,"Returning"
"462","389defe75a0a4c917bbb19ba0b62a74f","2016-04-08 00:38:27",15,"XBT","BuyBTC",0.01807,7.6445135,"Returning"
"463","389defe75a0a4c917bbb19ba0b62a74f","2016-04-08 00:40:36",1,"XBT","SendBTC",-0.016774,-7.0962407,"Returning"
"464","389defe75a0a4c917bbb19ba0b62a74f","2016-04-08 07:48:28",1,"MYR","FiatDeposit",30,118.02676215605,"Returning"
"465","389defe75a0a4c917bbb19ba0b62a74f","2016-04-08 07:55:23",15,"XBT","BuyBTC",0.01004,4.2617792,"Returning"
"466","389defe75a0a4c917bbb19ba0b62a74f","2016-04-08 07:58:04",1,"XBT","SendBTC",-0.011811,-5.01353328,"Returning"
"467","c20b50bad2f1a45cef25c4d52a6ee1a6","2016-03-25 04:25:07",1,"XBT","ReceiveBTC",0.00059056,0.2472733776,"New"
"468","c3cca7a38a754229991e7772921d1fb6","2016-03-27 22:32:05",1,"ZAR","FiatDeposit",100,1722.65954456002,"New"
"469","c3cca7a38a754229991e7772921d1fb6","2016-03-27 23:00:57",15,"XBT","BuyBTC",0.0099,4.21443,"New"
"470","c3cca7a38a754229991e7772921d1fb6","2016-03-27 23:05:23",1,"XBT","SendBTC",-0.0099,-4.21443,"New"
"471","2ccca6a5e346f5dfea202692821eca7c","2016-03-31 18:50:10",1,"XBT","ReceiveBTC",0.19951119,83.7268659954,"New"
"472","2ccca6a5e346f5dfea202692821eca7c","2016-03-31 20:00:05",1,"XBT","SendBTC",-0.1995,-83.68227,"New"
"473","2ccca6a5e346f5dfea202692821eca7c","2016-04-01 00:09:09",1,"ZAR","FiatDeposit",3000,50432.3936932633,"Returning"
"474","2ccca6a5e346f5dfea202692821eca7c","2016-04-01 04:54:59",15,"XBT","BuyBTC",0.29167,122.1426459,"Returning"
"475","2ccca6a5e346f5dfea202692821eca7c","2016-04-01 05:30:10",1,"XBT","SendBTC",-0.25806451,-108.0696748527,"Returning"
"476","2ccca6a5e346f5dfea202692821eca7c","2016-04-10 12:50:24",1,"XBT","SendBTC",-0.03255971,-13.7548494895,"Returning"
"477","72b12267c063f77fc13f02e1b78a93e6","2016-04-14 17:51:36",1,"XBT","ReceiveBTC",0.1345,57.083145,"New"
"478","72b12267c063f77fc13f02e1b78a93e6","2016-04-17 05:11:12",1,"XBT","SendBTC",-0.040113,-17.35890075,"New"
"479","72b12267c063f77fc13f02e1b78a93e6","2016-04-17 05:17:00",1,"XBT","SendBTC",-0.080225,-34.65639775,"New"
"480","72b12267c063f77fc13f02e1b78a93e6","2016-04-20 20:46:34",1,"XBT","SendBTC",-0.014162,-6.2780146,"New"
"481","72b12267c063f77fc13f02e1b78a93e6","2016-04-21 21:07:58",1,"XBT","ReceiveBTC",0.08132,36.6411656,"New"
"482","72b12267c063f77fc13f02e1b78a93e6","2016-04-22 14:02:57",1,"XBT","SendBTC",-0.081315,-36.2242062,"New"
"483","72b12267c063f77fc13f02e1b78a93e6","2016-04-23 06:03:33",1,"XBT","ReceiveBTC",0.026911,12.04159606,"New"
"484","72b12267c063f77fc13f02e1b78a93e6","2016-04-25 10:46:50",1,"XBT","SendBTC",-0.026916,-12.33721776,"New"
"485","72b12267c063f77fc13f02e1b78a93e6","2016-05-16 19:08:16",1,"XBT","ReceiveBTC",0.217753,100.08363386,"Returning"
"486","72b12267c063f77fc13f02e1b78a93e6","2016-05-21 22:05:07",1,"XBT","SendBTC",-0.03,-13.4028,"Returning"
"487","72b12267c063f77fc13f02e1b78a93e6","2016-05-29 03:49:43",1,"XBT","SendBTC",-0.05169,-26.67204,"Returning"
"488","72b12267c063f77fc13f02e1b78a93e6","2016-05-30 05:23:57",1,"XBT","SendBTC",-0.136,-72.54784,"Returning"
"489","72b12267c063f77fc13f02e1b78a93e6","2016-06-19 17:54:45",1,"XBT","ReceiveBTC",0.1339824,102.5300316,"Returning"
"490","72b12267c063f77fc13f02e1b78a93e6","2016-06-21 09:53:57",1,"XBT","SendBTC",-0.134,-95.5956,"Returning"
"491","66096744f41220a95d82f5e7e1dc6329","2016-04-14 20:13:30",1,"XBT","ReceiveBTC",0.00083897,0.3584415428,"New"
"492","66096744f41220a95d82f5e7e1dc6329","2016-04-15 19:58:28",1,"XBT","ReceiveBTC",0.00013008,0.0561841536,"New"
"493","66096744f41220a95d82f5e7e1dc6329","2016-04-16 21:34:38",1,"XBT","ReceiveBTC",0.00032309,0.1400498223,"New"
"494","66096744f41220a95d82f5e7e1dc6329","2016-04-21 12:55:59",1,"XBT","ReceiveBTC",0.00010049,0.044547217,"New"
"495","66096744f41220a95d82f5e7e1dc6329","2016-04-27 12:39:12",1,"XBT","SendBTC",-2e-04,-0.0929579999999999,"New"
"496","66096744f41220a95d82f5e7e1dc6329","2016-04-30 13:11:42",1,"XBT","ReceiveBTC",0.00014673,0.0669573008999999,"New"
"497","66096744f41220a95d82f5e7e1dc6329","2016-05-03 01:09:41",1,"XBT","ReceiveBTC",0.00010195,0.045288229,"Returning"
"498","66096744f41220a95d82f5e7e1dc6329","2016-05-05 03:45:59",1,"XBT","ReceiveBTC",0.00015183,0.0682916157000001,"Returning"
"499","66096744f41220a95d82f5e7e1dc6329","2016-05-12 21:18:55",1,"XBT","SendBTC",-5e-04,-0.227515,"Returning"
"500","66096744f41220a95d82f5e7e1dc6329","2016-05-30 18:05:42",1,"XBT","ReceiveBTC",0.00016,0.0860944,"Returning"
"501","447c0f32b9efc9729452e6507945baa0","2016-04-18 07:56:06",1,"NGN","FiatDeposit",18021.89,4297253.79599851,"New"
"502","447c0f32b9efc9729452e6507945baa0","2016-04-18 09:03:09",15,"XBT","BuyBTC",0.04388,18.8885848,"New"
"503","447c0f32b9efc9729452e6507945baa0","2016-04-18 09:03:11",1,"XBT","SendBTC",-0.04388,-18.8885848,"New"
"504","b5783cd0dd49db7fdcc7f9fa0170da06","2016-04-22 12:34:21",1,"XBT","ReceiveBTC",0.031,13.8539,"New"
"505","b5783cd0dd49db7fdcc7f9fa0170da06","2016-04-22 13:07:02",1,"XBT","SendBTC",-0.03,-13.3704,"New"
"506","cb2708579e9301556a97ed75430d7ec6","2016-04-27 17:06:27",1,"XBT","ReceiveBTC",0.12189,55.7988042,"New"
"507","cb2708579e9301556a97ed75430d7ec6","2016-04-27 17:32:18",1,"XBT","SendBTC",-0.12158636,-55.4604022504,"New"
"508","edc27ca7433521f0c17b7d6d568ed295","2016-04-28 04:08:27",1,"XBT","ReceiveBTC",0.0615915,27.35032149,"New"
"509","edc27ca7433521f0c17b7d6d568ed295","2016-09-08 18:18:22",14,"XBT","SellBTC",-0.06159,-38.6625066,"Reactivated"
"510","edc27ca7433521f0c17b7d6d568ed295","2016-09-10 00:11:09",15,"XBT","BuyBTC",0.05428,33.99285,"Reactivated"
"511","53fe346b3c8ffcc219685631158c1320","2016-04-28 14:58:07",1,"NGN","FiatDeposit",30046.14,9740409.36326239,"New"
"512","53fe346b3c8ffcc219685631158c1320","2016-04-28 15:21:52",15,"XBT","BuyBTC",0.07323,32.8824669,"New"
"513","53fe346b3c8ffcc219685631158c1320","2016-05-01 10:00:34",1,"XBT","SendBTC",-0.05396,-24.5577356,"Returning"
"514","2504341c3779ed9b0570e352389b4bfa","2016-04-29 05:43:13",1,"XBT","ReceiveBTC",0.001,0.44971,"New"
"515","2504341c3779ed9b0570e352389b4bfa","2016-04-29 05:57:36",1,"XBT","ReceiveBTC",0.0302,13.581242,"New"
"516","2504341c3779ed9b0570e352389b4bfa","2016-04-29 06:50:21",1,"XBT","SendBTC",-0.03,-13.5183,"New"
"517","2504341c3779ed9b0570e352389b4bfa","2016-04-29 16:07:07",1,"XBT","ReceiveBTC",0.03,13.6227,"New"
"518","2504341c3779ed9b0570e352389b4bfa","2016-04-29 21:55:16",1,"XBT","ReceiveBTC",0.03,13.6878,"New"
"519","2504341c3779ed9b0570e352389b4bfa","2016-05-29 10:08:55",1,"XBT","SendBTC",-0.05,-25.8005,"Returning"
"520","9d4062d4227a3cd2e5ea3e6113e2f6ce","2016-04-29 13:04:25",1,"XBT","ReceiveBTC",7e-04,0.317086,"New"
"521","9d4062d4227a3cd2e5ea3e6113e2f6ce","2016-04-30 11:12:26",1,"XBT","SendBTC",-7e-04,-0.319683,"New"
"522","9d4062d4227a3cd2e5ea3e6113e2f6ce","2016-04-30 12:07:50",1,"XBT","ReceiveBTC",7e-04,0.319543,"New"
"523","9d4062d4227a3cd2e5ea3e6113e2f6ce","2016-04-30 17:55:07",1,"XBT","SendBTC",-7e-04,-0.316169,"New"
"524","9d4062d4227a3cd2e5ea3e6113e2f6ce","2016-05-01 11:21:11",1,"XBT","ReceiveBTC",0.0019,0.864405,"Returning"
"525","9d4062d4227a3cd2e5ea3e6113e2f6ce","2016-05-01 11:25:00",1,"XBT","SendBTC",-0.0019,-0.864405,"Returning"
"526","9d4062d4227a3cd2e5ea3e6113e2f6ce","2016-05-03 05:04:43",1,"XBT","ReceiveBTC",0.0037,1.650015,"Returning"
"527","9d4062d4227a3cd2e5ea3e6113e2f6ce","2016-05-03 09:28:01",1,"XBT","SendBTC",-0.003,-1.34688,"Returning"
"528","9d4062d4227a3cd2e5ea3e6113e2f6ce","2016-05-03 09:31:41",1,"XBT","SendBTC",-7e-04,-0.314272,"Returning"
"529","9d4062d4227a3cd2e5ea3e6113e2f6ce","2016-05-03 09:52:47",1,"XBT","ReceiveBTC",0.0047,2.116692,"Returning"
"530","9d4062d4227a3cd2e5ea3e6113e2f6ce","2016-05-03 11:17:02",1,"XBT","SendBTC",-0.001,-0.45023,"Returning"
"531","9d4062d4227a3cd2e5ea3e6113e2f6ce","2016-05-03 11:59:03",1,"XBT","SendBTC",-0.003,-1.35078,"Returning"
"532","9d4062d4227a3cd2e5ea3e6113e2f6ce","2016-05-03 16:42:47",1,"XBT","SendBTC",-7e-04,-0.314825,"Returning"
"533","9d4062d4227a3cd2e5ea3e6113e2f6ce","2016-05-12 04:59:55",1,"IDR","FiatDeposit",50000,662773818.949591,"Returning"
"534","9d4062d4227a3cd2e5ea3e6113e2f6ce","2016-05-12 05:02:18",15,"XBT","BuyBTC",0.00462,2.1006216,"Returning"
"535","9d4062d4227a3cd2e5ea3e6113e2f6ce","2016-05-12 05:04:54",1,"XBT","SendBTC",-0.004,-1.81872,"Returning"
"536","9d4062d4227a3cd2e5ea3e6113e2f6ce","2016-05-12 05:39:19",1,"XBT","SendBTC",-0.00062,-0.2807794,"Returning"
"537","9d4062d4227a3cd2e5ea3e6113e2f6ce","2016-05-13 10:53:18",1,"IDR","FiatDeposit",50000,659925028.332316,"Returning"
"538","9d4062d4227a3cd2e5ea3e6113e2f6ce","2016-05-13 11:23:34",15,"XBT","BuyBTC",0.00463,2.1245681,"Returning"
"539","9d4062d4227a3cd2e5ea3e6113e2f6ce","2016-05-13 11:24:48",1,"XBT","SendBTC",-0.0016,-0.734192,"Returning"
"540","9d4062d4227a3cd2e5ea3e6113e2f6ce","2016-05-13 14:25:07",1,"XBT","SendBTC",-0.001,-0.45785,"Returning"
"541","9d4062d4227a3cd2e5ea3e6113e2f6ce","2016-05-13 17:03:43",1,"XBT","SendBTC",-0.00203,-0.9314046,"Returning"
"542","9d4062d4227a3cd2e5ea3e6113e2f6ce","2016-05-16 15:57:14",1,"XBT","ReceiveBTC",0.0072,3.313656,"Returning"
"543","9d4062d4227a3cd2e5ea3e6113e2f6ce","2016-05-16 16:35:55",1,"XBT","SendBTC",-0.006,-2.75844,"Returning"
"544","9d4062d4227a3cd2e5ea3e6113e2f6ce","2016-05-17 08:52:14",1,"XBT","SendBTC",-0.0012,-0.550416,"Returning"
"545","9d4062d4227a3cd2e5ea3e6113e2f6ce","2016-05-21 01:58:22",1,"IDR","FiatDeposit",50000,628163210.462669,"Returning"
"546","9d4062d4227a3cd2e5ea3e6113e2f6ce","2016-05-21 02:05:33",15,"XBT","BuyBTC",0.00462,2.0630148,"Returning"
"547","9d4062d4227a3cd2e5ea3e6113e2f6ce","2016-05-21 02:07:49",1,"XBT","SendBTC",-0.0046,-2.054084,"Returning"
"548","9d4062d4227a3cd2e5ea3e6113e2f6ce","2016-05-24 01:34:21",1,"IDR","FiatDeposit",1e+05,1363331545.06438,"Returning"
"549","9d4062d4227a3cd2e5ea3e6113e2f6ce","2016-05-24 01:40:07",15,"XBT","BuyBTC",0.008,3.57888,"Returning"
"550","9d4062d4227a3cd2e5ea3e6113e2f6ce","2016-05-24 01:42:09",1,"XBT","SendBTC",-0.008,-3.57888,"Returning"
"551","9d4062d4227a3cd2e5ea3e6113e2f6ce","2016-05-24 12:00:01",1,"XBT","ReceiveBTC",0.0087,3.927267,"Returning"
"552","9d4062d4227a3cd2e5ea3e6113e2f6ce","2016-05-24 12:07:26",14,"XBT","SellBTC",-0.0087,-3.927267,"Returning"
"553","9d4062d4227a3cd2e5ea3e6113e2f6ce","2016-05-24 12:23:12",15,"XBT","BuyBTC",0.00848,3.8279568,"Returning"
"554","9d4062d4227a3cd2e5ea3e6113e2f6ce","2016-05-25 01:35:46",1,"XBT","SendBTC",-0.0085,-3.82908,"Returning"
"555","9d4062d4227a3cd2e5ea3e6113e2f6ce","2016-05-31 09:45:01",1,"IDR","FiatDeposit",1e+05,1397717488.87138,"Returning"
"556","9d4062d4227a3cd2e5ea3e6113e2f6ce","2016-05-31 09:48:30",15,"XBT","BuyBTC",0.0074,4.039586,"Returning"
"557","9d4062d4227a3cd2e5ea3e6113e2f6ce","2016-05-31 09:50:30",1,"XBT","SendBTC",-0.0024,-1.310136,"Returning"
"558","9d4062d4227a3cd2e5ea3e6113e2f6ce","2016-05-31 11:35:09",1,"XBT","SendBTC",-0.005,-2.7152,"Returning"
"559","9d4062d4227a3cd2e5ea3e6113e2f6ce","2016-06-04 01:48:30",1,"IDR","FiatDeposit",50000,677533626.782176,"Returning"
"560","9d4062d4227a3cd2e5ea3e6113e2f6ce","2016-06-04 01:51:15",15,"XBT","BuyBTC",0.00364,2.0756372,"Returning"
"561","9d4062d4227a3cd2e5ea3e6113e2f6ce","2016-06-04 01:53:55",1,"XBT","SendBTC",-0.0016,-0.913664,"Returning"
"562","9d4062d4227a3cd2e5ea3e6113e2f6ce","2016-06-04 04:43:19",1,"XBT","SendBTC",-0.00204,-1.1661252,"Returning"
"563","9d4062d4227a3cd2e5ea3e6113e2f6ce","2016-06-05 06:21:16",1,"IDR","FiatDeposit",50000,685777746.928576,"Returning"
"564","9d4062d4227a3cd2e5ea3e6113e2f6ce","2016-06-05 06:22:59",15,"XBT","BuyBTC",0.00292,1.6827376,"Returning"
"565","9d4062d4227a3cd2e5ea3e6113e2f6ce","2016-06-05 06:25:19",1,"XBT","SendBTC",-0.00292,-1.6827376,"Returning"
"566","9d4062d4227a3cd2e5ea3e6113e2f6ce","2016-06-05 08:01:09",1,"XBT","ReceiveBTC",7e-04,0.405223,"Returning"
"567","9d4062d4227a3cd2e5ea3e6113e2f6ce","2016-06-05 08:18:04",1,"XBT","SendBTC",-7e-04,-0.405223,"Returning"
"568","9d4062d4227a3cd2e5ea3e6113e2f6ce","2016-06-06 01:50:23",1,"IDR","FiatDeposit",1e+05,1365044209.50634,"Returning"
"569","9d4062d4227a3cd2e5ea3e6113e2f6ce","2016-06-06 01:52:38",15,"XBT","BuyBTC",0.00682,3.9414826,"Returning"
"570","9d4062d4227a3cd2e5ea3e6113e2f6ce","2016-06-06 01:55:29",1,"XBT","SendBTC",-0.00682,-3.9414826,"Returning"
"571","9d4062d4227a3cd2e5ea3e6113e2f6ce","2016-06-10 12:54:53",1,"IDR","FiatDeposit",50000,676199500.38763,"Returning"
"572","9d4062d4227a3cd2e5ea3e6113e2f6ce","2016-06-10 12:56:56",15,"XBT","BuyBTC",0.00398,2.310191,"Returning"
"573","9d4062d4227a3cd2e5ea3e6113e2f6ce","2016-06-10 13:04:26",1,"XBT","SendBTC",-0.003,-1.74135,"Returning"
"574","9d4062d4227a3cd2e5ea3e6113e2f6ce","2016-06-11 10:20:42",1,"XBT","SendBTC",-0.00098,-0.5763968,"Returning"
"575","9d4062d4227a3cd2e5ea3e6113e2f6ce","2016-06-11 12:23:35",1,"IDR","FiatDeposit",50000,671481437.268712,"Returning"
"576","9d4062d4227a3cd2e5ea3e6113e2f6ce","2016-06-11 12:24:33",15,"XBT","BuyBTC",0.00475,2.7853525,"Returning"
"577","9d4062d4227a3cd2e5ea3e6113e2f6ce","2016-06-11 12:25:33",1,"XBT","SendBTC",-0.00475,-2.7853525,"Returning"
"578","9d4062d4227a3cd2e5ea3e6113e2f6ce","2016-06-11 14:04:42",1,"XBT","ReceiveBTC",2e-04,0.117324,"Returning"
"579","9d4062d4227a3cd2e5ea3e6113e2f6ce","2016-06-11 14:09:42",1,"XBT","ReceiveBTC",0.000343,0.20121066,"Returning"
"580","9d4062d4227a3cd2e5ea3e6113e2f6ce","2016-06-11 14:09:43",1,"XBT","ReceiveBTC",0.0037,2.170494,"Returning"
"581","9d4062d4227a3cd2e5ea3e6113e2f6ce","2016-06-11 15:22:39",1,"XBT","SendBTC",-0.004212,-2.47059072,"Returning"
"582","0222ec719d79d8f4212aff803fb18558","2016-04-30 14:28:43",1,"XBT","ReceiveBTC",0.0304,13.892192,"New"
"583","0222ec719d79d8f4212aff803fb18558","2016-04-30 14:54:12",1,"XBT","SendBTC",-0.03,-13.689,"New"
"584","0222ec719d79d8f4212aff803fb18558","2016-04-30 19:48:25",1,"XBT","ReceiveBTC",0.0305,13.818635,"New"
"585","0222ec719d79d8f4212aff803fb18558","2016-05-01 20:08:40",1,"XBT","SendBTC",-0.0309,-14.0286,"Returning"
"586","283862873d8adb9581e32f6caf91d655","2016-05-02 14:15:19",1,"NGN","FiatDeposit",99019.33,19690805.2876546,"New"
"587","283862873d8adb9581e32f6caf91d655","2016-05-02 15:07:59",15,"XBT","BuyBTC",0.24104,107.106124,"New"
"588","283862873d8adb9581e32f6caf91d655","2016-05-03 20:52:15",1,"XBT","SendBTC",-0.20932,-94.6293856,"New"
"589","283862873d8adb9581e32f6caf91d655","2016-05-03 21:11:07",1,"XBT","SendBTC",-0.026161,-11.82686488,"New"
"590","3c02ecfa8ac58e7e954e832b3190cb5e","2016-05-02 20:39:24",1,"XBT","ReceiveBTC",0.03,13.3446,"New"
"591","3c02ecfa8ac58e7e954e832b3190cb5e","2016-05-02 20:57:35",1,"XBT","SendBTC",-0.03,-13.4208,"New"
"592","1da45be660f466f8d61527711ff05b5b","2016-05-04 05:17:37",1,"NGN","FiatDeposit",5000,995956.695093587,"New"
"593","1da45be660f466f8d61527711ff05b5b","2016-05-06 17:03:00",15,"XBT","BuyBTC",0.0125,5.68925,"New"
"594","1da45be660f466f8d61527711ff05b5b","2016-05-06 17:03:05",1,"XBT","SendBTC",-0.0125,-5.68925,"New"
"595","99bc2cd27371f93402e00f82af2597e7","2016-05-05 08:32:26",1,"NGN","FiatDeposit",24502.2,4875835.36240882,"New"
"596","99bc2cd27371f93402e00f82af2597e7","2016-05-05 10:31:49",15,"XBT","BuyBTC",0.05975,26.84926,"New"
"597","99bc2cd27371f93402e00f82af2597e7","2016-05-06 11:13:03",1,"XBT","SendBTC",-0.05975,-27.0996125,"New"
"598","92fed241967f4c057b08e91df1bf27ec","2016-05-07 14:52:49",1,"XBT","ReceiveBTC",0.12294644,56.7065865212,"New"
"599","92fed241967f4c057b08e91df1bf27ec","2016-05-08 08:58:07",1,"XBT","ReceiveBTC",0.0174814,8.055603934,"New"
"600","92fed241967f4c057b08e91df1bf27ec","2016-05-08 09:52:36",1,"XBT","SendBTC",-0.1313,-60.504353,"New"
"601","92fed241967f4c057b08e91df1bf27ec","2016-05-08 12:23:32",1,"XBT","ReceiveBTC",0.01748686,8.059693774,"New"
"602","92fed241967f4c057b08e91df1bf27ec","2016-05-09 16:09:57",1,"XBT","SendBTC",-0.01710657,-7.8828785217,"New"
"603","92fed241967f4c057b08e91df1bf27ec","2016-05-09 16:29:14",1,"XBT","SendBTC",-0.00195359,-0.905098247,"New"
"604","b693cbe3d6b569feea0b024f30cfb7bb","2016-05-07 15:38:19",1,"NGN","FiatDeposit",50062.67,15453120.7529944,"New"
"605","b693cbe3d6b569feea0b024f30cfb7bb","2016-06-09 15:31:06",1,"NGN","FiatWithdrawal",-50062.67,-18172824.4974158,"Returning"
"606","87efeccc9feb1bc623834c43fc3c3860","2016-05-08 07:15:46",1,"XBT","ReceiveBTC",0.00130495,0.603956959,"New"
"607","fd1a548adf4ab8337beafaf0b2c123fd","2016-05-08 22:00:11",1,"XBT","ReceiveBTC",0.124153,57.17866415,"New"
"608","fd1a548adf4ab8337beafaf0b2c123fd","2016-05-11 17:48:46",1,"XBT","SendBTC",-0.026024,-11.87162832,"New"
"609","fd1a548adf4ab8337beafaf0b2c123fd","2016-05-11 19:21:37",1,"XBT","SendBTC",-0.065065,-29.62995035,"New"
"610","fd1a548adf4ab8337beafaf0b2c123fd","2016-05-11 19:30:43",1,"XBT","SendBTC",-0.026026,-11.86187002,"New"
"611","fd1a548adf4ab8337beafaf0b2c123fd","2016-09-09 14:37:41",14,"XBT","SellBTC",-0.00677,-4.2469564,"Reactivated"
"612","fd1a548adf4ab8337beafaf0b2c123fd","2016-10-25 10:12:30",15,"XBT","BuyBTC",0.00312,2.0581704,"Returning"
"613","932016525bed149bacd07e28d1659edd","2016-05-09 11:30:17",1,"XBT","ReceiveBTC",0.01,4.6002,"New"
"614","95054cb63999f954901f4aa7a3e9c1d5","2016-05-20 04:25:19",1,"XBT","ReceiveBTC",0.0127,5.620385,"New"
"615","95054cb63999f954901f4aa7a3e9c1d5","2016-05-20 04:32:34",1,"XBT","SendBTC",-0.0127,-5.620385,"New"
"616","95054cb63999f954901f4aa7a3e9c1d5","2016-06-07 00:45:12",1,"XBT","ReceiveBTC",0.00015782,0.0932258522,"Returning"
"617","95054cb63999f954901f4aa7a3e9c1d5","2016-06-08 05:20:24",1,"XBT","ReceiveBTC",0.00842682,4.8531741744,"Returning"
"618","95054cb63999f954901f4aa7a3e9c1d5","2016-06-08 05:32:00",1,"XBT","SendBTC",-0.00858,-4.9413936,"Returning"
"619","95054cb63999f954901f4aa7a3e9c1d5","2016-06-11 07:47:01",1,"XBT","ReceiveBTC",0.002604,1.52779284,"Returning"
"620","95054cb63999f954901f4aa7a3e9c1d5","2016-06-14 23:26:49",1,"XBT","ReceiveBTC",0.00022629,0.1554001317,"Returning"
"621","95054cb63999f954901f4aa7a3e9c1d5","2016-07-11 21:09:36",1,"XBT","ReceiveBTC",0.00017355,0.113196252,"Returning"
"622","95054cb63999f954901f4aa7a3e9c1d5","2016-07-25 20:41:19",1,"XBT","ReceiveBTC",0.00015409,0.101437447,"Returning"
"623","1d1825ec1e44d816817c27bc03fb5254","2016-05-22 00:04:13",1,"XBT","ReceiveBTC",0.012,5.35992,"New"
"624","1d1825ec1e44d816817c27bc03fb5254","2016-05-25 22:42:07",1,"XBT","SendBTC",-0.011,-4.98267,"New"
"625","8e220c951a56f0c755f1b29af00f1004","2016-05-27 18:28:54",1,"XBT","ReceiveBTC",0.002,0.95058,"New"
"626","8e220c951a56f0c755f1b29af00f1004","2016-05-27 19:07:31",1,"XBT","SendBTC",-0.002,-0.9486,"New"
"627","8e220c951a56f0c755f1b29af00f1004","2016-05-28 03:45:53",1,"XBT","ReceiveBTC",0.002,0.977,"New"
"628","8e220c951a56f0c755f1b29af00f1004","2016-06-02 21:47:39",1,"XBT","ReceiveBTC",0.002,1.076,"Returning"
"629","8e220c951a56f0c755f1b29af00f1004","2016-06-02 21:51:03",1,"XBT","SendBTC",-0.003,-1.6164,"Returning"
"630","7720bfba5295fb9651476787b53fc777","2016-05-27 19:35:53",1,"XBT","ReceiveBTC",0.00213,1.0094709,"New"
"631","7720bfba5295fb9651476787b53fc777","2016-05-27 20:01:53",1,"XBT","ReceiveBTC",2e-04,0.0947860000000001,"New"
"632","7720bfba5295fb9651476787b53fc777","2016-05-27 20:13:53",1,"XBT","ReceiveBTC",0.001,0.47393,"New"
"633","7720bfba5295fb9651476787b53fc777","2016-05-27 20:21:08",1,"XBT","SendBTC",-0.002,-0.94786,"New"
"634","7720bfba5295fb9651476787b53fc777","2016-05-27 20:29:10",1,"XBT","SendBTC",-0.00132956,-0.6301183708,"New"
"635","77fdde58e48426f78d4e8c9ef9931871","2016-05-31 15:54:40",1,"XBT","ReceiveBTC",0.04504973,23.9358225436,"New"
"636","77fdde58e48426f78d4e8c9ef9931871","2016-06-04 09:44:30",1,"XBT","SendBTC",-0.03846157,-22.5504031067,"Returning"
"637","77fdde58e48426f78d4e8c9ef9931871","2016-06-04 09:45:52",1,"XBT","SendBTC",-0.00384615,-2.2550362065,"Returning"
"638","3ca6bc5c89f37a1e541dcf70bf492688","2016-06-02 05:07:36",1,"NGN","FiatDeposit",30013,8282591.86546155,"New"
"639","3ca6bc5c89f37a1e541dcf70bf492688","2016-06-02 12:05:18",15,"XBT","BuyBTC",0.05976,32.2805592,"New"
"640","3ca6bc5c89f37a1e541dcf70bf492688","2016-06-02 12:39:51",1,"XBT","SendBTC",-0.05976,-32.2805592,"New"
"641","3ca6bc5c89f37a1e541dcf70bf492688","2016-07-21 14:14:38",1,"NGN","FiatDeposit",50013,17288072.473279,"Returning"
"642","3ca6bc5c89f37a1e541dcf70bf492688","2016-07-21 17:15:16",15,"XBT","BuyBTC",0.0873,58.475286,"Returning"
"643","3ca6bc5c89f37a1e541dcf70bf492688","2016-07-24 17:48:13",1,"XBT","SendBTC",-0.0873,-58.104261,"Returning"
"644","7b0ffe48f3615eba835f0b465d126af5","2016-06-03 12:42:13",1,"XBT","ReceiveBTC",0.02,11.1016,"New"
"645","7b0ffe48f3615eba835f0b465d126af5","2016-06-03 13:20:33",1,"XBT","SendBTC",-0.01002,-5.5594968,"New"
"646","7b0ffe48f3615eba835f0b465d126af5","2016-06-04 09:11:20",1,"ZAR","FiatDeposit",2000,32406.0650509116,"New"
"647","7b0ffe48f3615eba835f0b465d126af5","2016-06-04 09:11:21",1,"ZAR","FiatDeposit",1500,24304.5487881837,"New"
"648","7b0ffe48f3615eba835f0b465d126af5","2016-06-04 09:11:21",1,"ZAR","FiatDeposit",1000,16203.0325254558,"New"
"649","7b0ffe48f3615eba835f0b465d126af5","2016-06-04 10:01:21",15,"XBT","BuyBTC",0.28,162.5176,"New"
"650","7b0ffe48f3615eba835f0b465d126af5","2016-06-04 10:08:12",1,"XBT","SendBTC",-0.02,-11.6084,"New"
"651","7b0ffe48f3615eba835f0b465d126af5","2016-06-06 17:45:51",1,"ZAR","FiatDeposit",500,8073.77049180328,"New"
"652","7b0ffe48f3615eba835f0b465d126af5","2016-06-07 12:55:03",1,"XBT","SendBTC",-0.04285,-25.333777,"New"
"653","7b0ffe48f3615eba835f0b465d126af5","2016-06-07 16:14:16",15,"XBT","BuyBTC",0.03683,21.3153625,"New"
"654","7b0ffe48f3615eba835f0b465d126af5","2016-06-08 21:44:10",1,"XBT","SendBTC",-0.04734,-27.7137828,"New"
"655","7b0ffe48f3615eba835f0b465d126af5","2016-06-12 19:49:07",1,"XBT","SendBTC",-0.1972032,-129.189788352,"New"
"656","7b0ffe48f3615eba835f0b465d126af5","2016-06-20 00:39:48",1,"XBT","ReceiveBTC",0.06568234,50.1727690558,"New"
"657","7b0ffe48f3615eba835f0b465d126af5","2016-07-03 20:06:45",1,"XBT","SendBTC",-0.00510000000000001,-3.39823200000001,"Returning"
"658","7b0ffe48f3615eba835f0b465d126af5","2016-07-27 17:10:40",14,"XBT","SellBTC",-0.07999914,-52.7882325204,"Returning"
"659","7b0ffe48f3615eba835f0b465d126af5","2016-12-11 18:38:17",15,"XBT","BuyBTC",0.03609,27.9174195,"Reactivated"
"660","7b0ffe48f3615eba835f0b465d126af5","2016-12-11 19:00:52",1,"XBT","SendBTC",-0.03609,-27.9174195,"Reactivated"
"661","f7042eac8757f8e65da1b65e7e718f49","2016-06-08 10:44:23",1,"XBT","ReceiveBTC",0.08635485,50.268885282,"New"
"662","f7042eac8757f8e65da1b65e7e718f49","2016-06-21 09:24:14",1,"XBT","SendBTC",-0.08635,-61.60209,"New"
"663","fd537cf4cfc6eeb2f375e03fbdf51efc","2016-06-09 13:25:36",1,"NGN","FiatDeposit",40031.97,14433861.064849,"New"
"664","fd537cf4cfc6eeb2f375e03fbdf51efc","2016-06-09 13:39:41",15,"XBT","BuyBTC",0.08762,50.5076728,"New"
"665","fd537cf4cfc6eeb2f375e03fbdf51efc","2016-06-10 04:07:01",1,"XBT","SendBTC",-0.08762,-50.6943034,"New"
"666","fd537cf4cfc6eeb2f375e03fbdf51efc","2016-06-11 16:04:56",1,"NGN","FiatDeposit",100031.97,33367643.8655571,"New"
"667","fd537cf4cfc6eeb2f375e03fbdf51efc","2016-06-11 20:39:49",15,"XBT","BuyBTC",0.245,143.84195,"New"
"668","fd537cf4cfc6eeb2f375e03fbdf51efc","2016-06-11 20:57:22",1,"XBT","SendBTC",-0.245,-143.5847,"New"
"669","fd537cf4cfc6eeb2f375e03fbdf51efc","2016-06-12 21:03:39",1,"XBT","ReceiveBTC",0.185,124.32555,"New"
"670","fd537cf4cfc6eeb2f375e03fbdf51efc","2016-06-15 12:19:25",1,"XBT","SendBTC",-0.185,-126.4105,"New"
"671","fd537cf4cfc6eeb2f375e03fbdf51efc","2016-06-22 01:00:23",1,"XBT","ReceiveBTC",0.01187905,8.0187151215,"New"
"672","fd537cf4cfc6eeb2f375e03fbdf51efc","2016-06-22 13:17:33",1,"XBT","SendBTC",-0.01,-6.649,"New"
"673","fd537cf4cfc6eeb2f375e03fbdf51efc","2016-06-25 07:11:24",1,"NGN","FiatDeposit",60031.97,20163852.1180062,"New"
"674","fd537cf4cfc6eeb2f375e03fbdf51efc","2016-06-25 07:26:59",15,"XBT","BuyBTC",0.13615,92.7685255,"New"
"675","fd537cf4cfc6eeb2f375e03fbdf51efc","2016-06-25 07:37:50",1,"XBT","SendBTC",-0.13802,-94.0426874,"New"
"676","fd537cf4cfc6eeb2f375e03fbdf51efc","2016-06-30 09:47:39",1,"NGN","FiatDeposit",60031.97,20644063.3341009,"New"
"677","fd537cf4cfc6eeb2f375e03fbdf51efc","2016-06-30 09:53:35",15,"XBT","BuyBTC",0.13493,86.7208603,"New"
"678","fd537cf4cfc6eeb2f375e03fbdf51efc","2016-07-02 08:34:07",1,"XBT","SendBTC",-0.13493,-91.7402563,"Returning"
"679","fd537cf4cfc6eeb2f375e03fbdf51efc","2016-07-03 10:03:52",1,"NGN","FiatDeposit",70031.97,24696799.7879412,"Returning"
"680","fd537cf4cfc6eeb2f375e03fbdf51efc","2016-07-03 16:22:30",15,"XBT","BuyBTC",0.13795,90.851111,"Returning"
"681","fd537cf4cfc6eeb2f375e03fbdf51efc","2016-07-04 12:29:04",1,"XBT","SendBTC",-0.13795,-92.6099735,"Returning"
"682","fd537cf4cfc6eeb2f375e03fbdf51efc","2016-07-11 02:53:47",1,"NGN","FiatDeposit",300031.97,105067606.236392,"Returning"
"683","fd537cf4cfc6eeb2f375e03fbdf51efc","2016-07-12 03:51:42",15,"XBT","BuyBTC",0.58809,384.2991723,"Returning"
"684","fd537cf4cfc6eeb2f375e03fbdf51efc","2016-07-12 03:54:36",1,"XBT","SendBTC",-0.588,-384.24036,"Returning"
"685","defd74adcbc93ad2edcd801d7511bb47","2016-06-14 18:55:40",1,"XBT","ReceiveBTC",0.00018,0.1229076,"New"
"686","defd74adcbc93ad2edcd801d7511bb47","2016-07-20 19:27:14",1,"XBT","ReceiveBTC",7.485e-05,0.0499526445,"Returning"
"687","defd74adcbc93ad2edcd801d7511bb47","2016-07-23 18:10:49",1,"XBT","ReceiveBTC",6.99e-05,0.04595925,"Returning"
"688","defd74adcbc93ad2edcd801d7511bb47","2016-07-26 22:54:34",1,"XBT","SendBTC",-0.00032475,-0.21330879,"Returning"
"689","4d604062c0b29363c2c028b425006da1","2016-06-16 16:05:20",1,"XBT","ReceiveBTC",8.28e-05,0.061358112,"New"
"690","947600ddd62067dfebb0dd0799197116","2016-07-03 10:03:50",1,"NGN","FiatDeposit",32097.58,11319223.3052622,"New"
"691","947600ddd62067dfebb0dd0799197116","2016-07-03 13:02:10",15,"XBT","BuyBTC",0.0631,42.709235,"New"
"692","947600ddd62067dfebb0dd0799197116","2016-07-06 06:06:50",1,"XBT","SendBTC",-0.063,-42.5943,"New"
"693","d449f079f71e57d304f8bb2b88fdb93e","2016-07-13 13:57:11",1,"XBT","ReceiveBTC",0.200458,132.74729676,"New"
"694","d449f079f71e57d304f8bb2b88fdb93e","2016-07-13 22:34:34",1,"XBT","ReceiveBTC",0.02,13.2746,"New"
"695","d449f079f71e57d304f8bb2b88fdb93e","2016-07-14 07:16:58",1,"XBT","SendBTC",-0.19972837,-131.3853163534,"New"
"696","d449f079f71e57d304f8bb2b88fdb93e","2016-07-14 20:18:32",1,"XBT","ReceiveBTC",0.00988357,6.5546847883,"New"
"697","d449f079f71e57d304f8bb2b88fdb93e","2016-07-14 23:34:35",1,"XBT","ReceiveBTC",0.04,26.5148,"New"
"698","d449f079f71e57d304f8bb2b88fdb93e","2016-07-16 06:37:10",1,"XBT","SendBTC",-0.0706132,-47.245879856,"New"
"699","e175770da60d24d0b592ae716bd722aa","2016-08-16 08:39:29",1,"MYR","FiatDeposit",10,39.7998675081064,"New"
"700","e175770da60d24d0b592ae716bd722aa","2016-08-16 09:01:52",15,"XBT","BuyBTC",0.00181,1.0382522,"New"
"701","d272afac5ec560a924e434c6c9326c4c","2016-11-06 11:14:15",1,"MYR","FiatDeposit",2,8.15084648773884,"New"
"702","d272afac5ec560a924e434c6c9326c4c","2016-11-06 11:16:39",15,"XBT","BuyBTC",0.00016,0.1146384,"New"
"703","d272afac5ec560a924e434c6c9326c4c","2016-11-07 06:44:37",1,"MYR","FiatDeposit",5,20.5995149737747,"New"
"704","d272afac5ec560a924e434c6c9326c4c","2016-11-07 06:53:54",15,"XBT","BuyBTC",0.00039,0.2766036,"New"
"705","d272afac5ec560a924e434c6c9326c4c","2016-11-08 15:51:57",14,"XBT","SellBTC",-0.00055,-0.3917595,"New"
"706","d272afac5ec560a924e434c6c9326c4c","2016-11-08 15:52:26",15,"XBT","BuyBTC",0.00053,0.3775137,"New"
"707","97f3beff1b2a6bf2ed801daa590625f8","2016-11-09 08:53:56",1,"MYR","FiatDeposit",1000,4126.86849063731,"New"
"708","97f3beff1b2a6bf2ed801daa590625f8","2016-11-09 08:57:30",4,"MYR","Bid",0,0,"New"
"709","97f3beff1b2a6bf2ed801daa590625f8","2016-11-12 00:09:23",15,"XBT","BuyBTC",0.0772,55.688992,"New"
"710","f652e9b0541036ed3102c171f8126cc9","2016-11-12 21:48:32",1,"ZAR","FiatDeposit",500,7428.07225181052,"New"
"711","f652e9b0541036ed3102c171f8126cc9","2016-11-20 17:33:54",15,"XBT","BuyBTC",0.0131,9.653128,"New"
"712","4641e1094573d4de3a77d9969580d09c","2016-11-20 21:52:37",1,"ZAR","FiatDeposit",10,150.911993015102,"New"
"713","4641e1094573d4de3a77d9969580d09c","2016-11-21 10:12:33",4,"ZAR","Bid",0,0,"New"
"714","4641e1094573d4de3a77d9969580d09c","2016-11-22 05:39:30",15,"XBT","BuyBTC",0.00026,0.1940016,"New"
"715","41513f4718ab57bb2ab1810abc70095a","2016-11-26 08:23:18",1,"ZAR","FiatDeposit",1000,15056.591742388,"New"
"716","2926ff4deed9c20c1ad8a88eeaa1c74e","2016-12-31 23:31:28",1,"ZAR","FiatDeposit",300,4419.15276313341,"New"
