"account_id","type","created_at","balance_1e8","available_1e8"
"48c768fed2b026122a50c20a83040b453067a251","1","2015-08-09 10:56:12","30000","30000"
"48c768fed2b026122a50c20a83040b453067a251","2","2015-08-09 11:50:43","30000","10000"
"48c768fed2b026122a50c20a83040b453067a251","1","2015-08-09 11:50:45","10000","10000"
"48c768fed2b026122a50c20a83040b453067a251","1","2015-08-12 07:43:28","40000","40000"
"48c768fed2b026122a50c20a83040b453067a251","2","2015-08-12 09:25:06","40000","20000"
"48c768fed2b026122a50c20a83040b453067a251","1","2015-08-12 09:25:09","20000","20000"
"fac79ea28effb6d180c17b128e928c18bee88312","1","2015-08-14 03:08:15","25398296","25398296"
"48c768fed2b026122a50c20a83040b453067a251","1","2015-08-14 08:30:05","50000","50000"
"48c768fed2b026122a50c20a83040b453067a251","4","2015-08-14 09:04:55","50000","0"
"48c768fed2b026122a50c20a83040b453067a251","5","2015-08-14 11:39:38","50000","50000"
"48c768fed2b026122a50c20a83040b453067a251","4","2015-08-14 11:40:58","50000","0"
"48c768fed2b026122a50c20a83040b453067a251","5","2015-08-14 12:10:50","50000","50000"
"48c768fed2b026122a50c20a83040b453067a251","2","2015-08-14 12:27:47","50000","10000"
"48c768fed2b026122a50c20a83040b453067a251","1","2015-08-14 12:27:49","10000","10000"
"fac79ea28effb6d180c17b128e928c18bee88312","1","2015-08-15 03:00:57","29543331","29543331"
"fac79ea28effb6d180c17b128e928c18bee88312","1","2015-08-16 01:36:30","33699896","33699896"
"48c768fed2b026122a50c20a83040b453067a251","1","2015-08-16 13:22:06","40000","40000"
"fac79ea28effb6d180c17b128e928c18bee88312","1","2015-08-17 02:57:22","37862226","37862226"
"fac79ea28effb6d180c17b128e928c18bee88312","1","2015-08-18 02:09:34","42070676","42070676"
"fac79ea28effb6d180c17b128e928c18bee88312","1","2015-08-19 01:34:38","46244536","46244536"
"48c768fed2b026122a50c20a83040b453067a251","1","2015-08-19 10:28:26","70000","70000"
"48c768fed2b026122a50c20a83040b453067a251","4","2015-08-19 12:18:40","70000","0"
"48c768fed2b026122a50c20a83040b453067a251","5","2015-08-19 12:42:45","70000","70000"
"fac79ea28effb6d180c17b128e928c18bee88312","1","2015-08-20 01:48:12","50470281","50470281"
"48c768fed2b026122a50c20a83040b453067a251","4","2015-08-20 19:10:14","70000","0"
"48c768fed2b026122a50c20a83040b453067a251","5","2015-08-20 19:47:04","70000","70000"
"48c768fed2b026122a50c20a83040b453067a251","4","2015-08-20 20:31:08","70000","0"
"48c768fed2b026122a50c20a83040b453067a251","5","2015-08-20 20:38:32","70000","70000"
"48c768fed2b026122a50c20a83040b453067a251","1","2015-08-21 01:52:34","100000","100000"
"fac79ea28effb6d180c17b128e928c18bee88312","1","2015-08-21 02:38:51","54615316","54615316"
"48c768fed2b026122a50c20a83040b453067a251","4","2015-08-21 04:24:05","100000","0"
"48c768fed2b026122a50c20a83040b453067a251","5","2015-08-21 06:24:00","100000","100000"
"48c768fed2b026122a50c20a83040b453067a251","14","2015-08-21 10:50:45","30000","30000"
"d0f23f0244d35854a8b2240d82f52992910751f7","15","2015-08-21 10:50:45","382900000000","382900000000"
"d0f23f0244d35854a8b2240d82f52992910751f7","4","2015-08-21 12:17:05","382900000000","350000000"
"d0f23f0244d35854a8b2240d82f52992910751f7","5","2015-08-21 14:36:43","382900000000","382900000000"
"d0f23f0244d35854a8b2240d82f52992910751f7","4","2015-08-21 14:38:11","382900000000","140000000"
"d0f23f0244d35854a8b2240d82f52992910751f7","5","2015-08-21 16:57:00","382900000000","382900000000"
"d0f23f0244d35854a8b2240d82f52992910751f7","4","2015-08-21 16:58:09","382900000000","54400000000"
"d0f23f0244d35854a8b2240d82f52992910751f7","5","2015-08-21 16:58:38","382900000000","382900000000"
"d0f23f0244d35854a8b2240d82f52992910751f7","4","2015-08-21 16:59:57","382900000000","0"
"fac79ea28effb6d180c17b128e928c18bee88312","1","2015-08-22 02:05:42","58823766","58823766"
"d0f23f0244d35854a8b2240d82f52992910751f7","5","2015-08-22 06:25:07","382900000000","382900000000"
"caad9e77aa0467d82e88f7d4dcaee0a6805885ac","1","2015-08-22 08:53:09","1196888","1196888"
"caad9e77aa0467d82e88f7d4dcaee0a6805885ac","1","2015-08-22 08:55:12","2453620","2453620"
"d0f23f0244d35854a8b2240d82f52992910751f7","4","2015-08-22 20:33:32","382900000000","350000000"
"d0f23f0244d35854a8b2240d82f52992910751f7","5","2015-08-22 20:38:02","382900000000","382900000000"
"48c768fed2b026122a50c20a83040b453067a251","1","2015-08-22 21:16:42","60000","60000"
"fac79ea28effb6d180c17b128e928c18bee88312","1","2015-08-23 01:55:23","63037981","63037981"
"48c768fed2b026122a50c20a83040b453067a251","14","2015-08-23 12:48:22","0","0"
"d0f23f0244d35854a8b2240d82f52992910751f7","15","2015-08-23 12:48:22","713600000000","713600000000"
"d0f23f0244d35854a8b2240d82f52992910751f7","4","2015-08-23 19:50:32","713600000000","449000000"
"fac79ea28effb6d180c17b128e928c18bee88312","1","2015-08-24 02:00:42","67298316","67298316"
"fac79ea28effb6d180c17b128e928c18bee88312","2","2015-08-24 06:07:31","67298316","52918316"
"fac79ea28effb6d180c17b128e928c18bee88312","1","2015-08-24 06:07:41","52918316","52918316"
"fac79ea28effb6d180c17b128e928c18bee88312","2","2015-08-24 11:12:27","52918316","2918316"
"fac79ea28effb6d180c17b128e928c18bee88312","1","2015-08-24 11:12:30","2918316","2918316"
"fac79ea28effb6d180c17b128e928c18bee88312","1","2015-08-25 01:35:42","7167121","7167121"
"d0f23f0244d35854a8b2240d82f52992910751f7","5","2015-08-25 12:31:54","713600000000","713600000000"
"48c768fed2b026122a50c20a83040b453067a251","1","2015-08-25 15:00:28","20000","20000"
"d0f23f0244d35854a8b2240d82f52992910751f7","4","2015-08-25 15:16:48","713600000000","2036000000"
"d0f23f0244d35854a8b2240d82f52992910751f7","6","2015-08-25 15:49:59","2036000000","2036000000"
"48c768fed2b026122a50c20a83040b453067a251","7","2015-08-25 15:49:59","149000","149000"
"d0f23f0244d35854a8b2240d82f52992910751f7","5","2015-08-25 15:50:00","2036000000","2036000000"
"48c768fed2b026122a50c20a83040b453067a251","14","2015-08-25 15:56:59","0","0"
"d0f23f0244d35854a8b2240d82f52992910751f7","15","2015-08-25 15:56:59","823936000000","823936000000"
"d0f23f0244d35854a8b2240d82f52992910751f7","4","2015-08-25 15:58:41","823936000000","2052000000"
"d0f23f0244d35854a8b2240d82f52992910751f7","6","2015-08-25 16:56:05","2052000000","2052000000"
"48c768fed2b026122a50c20a83040b453067a251","7","2015-08-25 16:56:05","149000","149000"
"d0f23f0244d35854a8b2240d82f52992910751f7","5","2015-08-25 16:56:05","2052000000","2052000000"
"48c768fed2b026122a50c20a83040b453067a251","4","2015-08-25 17:01:54","149000","0"
"48c768fed2b026122a50c20a83040b453067a251","5","2015-08-25 17:53:55","149000","149000"
"48c768fed2b026122a50c20a83040b453067a251","14","2015-08-25 21:36:00","0","0"
"d0f23f0244d35854a8b2240d82f52992910751f7","15","2015-08-25 21:36:01","823952000000","823952000000"
"d0f23f0244d35854a8b2240d82f52992910751f7","4","2015-08-25 21:38:23","823952000000","160400000"
"d0f23f0244d35854a8b2240d82f52992910751f7","6","2015-08-26 00:59:02","410953400000","160400000"
"48c768fed2b026122a50c20a83040b453067a251","7","2015-08-26 00:59:02","74900","74900"
"fac79ea28effb6d180c17b128e928c18bee88312","1","2015-08-26 01:41:51","11456281","11456281"
"d0f23f0244d35854a8b2240d82f52992910751f7","5","2015-08-26 01:54:25","410953400000","410953400000"
"48c768fed2b026122a50c20a83040b453067a251","14","2015-08-26 01:56:36","0","0"
"d0f23f0244d35854a8b2240d82f52992910751f7","15","2015-08-26 01:56:37","823953400000","823953400000"
"fac79ea28effb6d180c17b128e928c18bee88312","1","2015-08-27 01:35:59","15751206","15751206"
"d0f23f0244d35854a8b2240d82f52992910751f7","14","2015-08-27 10:51:08","1753400000","1753400000"
"48c768fed2b026122a50c20a83040b453067a251","15","2015-08-27 10:51:08","149000","149000"
"48c768fed2b026122a50c20a83040b453067a251","1","2015-08-27 15:17:29","179000","179000"
"48c768fed2b026122a50c20a83040b453067a251","14","2015-08-27 15:22:28","0","0"
"d0f23f0244d35854a8b2240d82f52992910751f7","15","2015-08-27 15:22:28","989253400000","989253400000"
"d0f23f0244d35854a8b2240d82f52992910751f7","14","2015-08-27 17:18:49","1753400000","1753400000"
"48c768fed2b026122a50c20a83040b453067a251","15","2015-08-27 17:18:49","175000","175000"
"fac79ea28effb6d180c17b128e928c18bee88312","1","2015-08-28 02:13:05","20049013","20049013"
"48c768fed2b026122a50c20a83040b453067a251","2","2015-08-28 08:24:00","175000","75000"
"48c768fed2b026122a50c20a83040b453067a251","1","2015-08-28 08:24:03","75000","75000"
"48c768fed2b026122a50c20a83040b453067a251","2","2015-08-28 11:07:23","75000","0"
"48c768fed2b026122a50c20a83040b453067a251","1","2015-08-28 11:07:26","0","0"
"48c768fed2b026122a50c20a83040b453067a251","1","2015-08-28 16:19:44","65000","65000"
"fac79ea28effb6d180c17b128e928c18bee88312","1","2015-08-29 01:45:20","24320878","24320878"
"48c768fed2b026122a50c20a83040b453067a251","1","2015-08-29 18:07:36","95000","95000"
"fac79ea28effb6d180c17b128e928c18bee88312","1","2015-08-30 02:06:28","28604273","28604273"
"48c768fed2b026122a50c20a83040b453067a251","2","2015-08-30 16:38:51","95000","55000"
"48c768fed2b026122a50c20a83040b453067a251","1","2015-08-30 16:38:54","55000","55000"
"48c768fed2b026122a50c20a83040b453067a251","2","2015-08-30 16:50:59","55000","15000"
"48c768fed2b026122a50c20a83040b453067a251","1","2015-08-30 16:51:03","15000","15000"
"fac79ea28effb6d180c17b128e928c18bee88312","1","2015-08-31 01:41:08","32870373","32870373"
"fac79ea28effb6d180c17b128e928c18bee88312","1","2015-09-01 03:40:14","37165298","37165298"
"fac79ea28effb6d180c17b128e928c18bee88312","1","2015-09-02 03:14:23","41437163","41437163"
"48c768fed2b026122a50c20a83040b453067a251","1","2015-09-02 08:04:51","45000","45000"
"48c768fed2b026122a50c20a83040b453067a251","2","2015-09-02 20:59:16","45000","5000"
"48c768fed2b026122a50c20a83040b453067a251","1","2015-09-02 20:59:19","5000","5000"
"fac79ea28effb6d180c17b128e928c18bee88312","1","2015-09-03 03:02:24","45587963","45587963"
"fac79ea28effb6d180c17b128e928c18bee88312","1","2015-09-04 01:58:21","49463772","49463772"
"48c768fed2b026122a50c20a83040b453067a251","1","2015-09-04 04:17:32","13000","13000"
"a4438b9d95ed842ce879045b7b51d686d59c20d7","1","2015-09-05 02:14:57","600000000000","600000000000"
"fac79ea28effb6d180c17b128e928c18bee88312","1","2015-09-05 02:16:03","53510802","53510802"
"a4438b9d95ed842ce879045b7b51d686d59c20d7","14","2015-09-05 02:40:14","300000000000","300000000000"
"d7a1ef4785e305652b4628644d28ea825b2eaaa3","15","2015-09-05 02:40:14","175215000","175215000"
"d7a1ef4785e305652b4628644d28ea825b2eaaa3","2","2015-09-05 02:40:15","175215000","0"
"d7a1ef4785e305652b4628644d28ea825b2eaaa3","1","2015-09-05 02:40:17","0","0"
"a4438b9d95ed842ce879045b7b51d686d59c20d7","14","2015-09-05 06:44:54","0","0"
"d7a1ef4785e305652b4628644d28ea825b2eaaa3","15","2015-09-05 06:44:54","174884000","174884000"
"d7a1ef4785e305652b4628644d28ea825b2eaaa3","2","2015-09-05 06:44:55","174884000","0"
"d7a1ef4785e305652b4628644d28ea825b2eaaa3","1","2015-09-05 06:45:07","0","0"
"fac79ea28effb6d180c17b128e928c18bee88312","1","2015-09-06 02:48:02","57725017","57725017"
"d7a1ef4785e305652b4628644d28ea825b2eaaa3","1","2015-09-06 15:20:36","505605","505605"
"48c768fed2b026122a50c20a83040b453067a251","1","2015-09-06 18:39:34","53000","53000"
"fac79ea28effb6d180c17b128e928c18bee88312","1","2015-09-07 02:14:49","62008412","62008412"
"48c768fed2b026122a50c20a83040b453067a251","2","2015-09-07 05:33:43","53000","13000"
"48c768fed2b026122a50c20a83040b453067a251","1","2015-09-07 06:05:31","13000","13000"
"d7a1ef4785e305652b4628644d28ea825b2eaaa3","14","2015-09-07 13:10:43","0","0"
"a4438b9d95ed842ce879045b7b51d686d59c20d7","15","2015-09-07 13:10:43","824000000","824000000"
"fac79ea28effb6d180c17b128e928c18bee88312","1","2015-09-08 01:54:39","66268747","66268747"
"fac79ea28effb6d180c17b128e928c18bee88312","1","2015-09-09 02:28:04","70534847","70534847"
"da899f34f735de1f815d772b79784037c78a5101","1","2015-09-09 15:05:00","3000000000000","3000000000000"
"da899f34f735de1f815d772b79784037c78a5101","4","2015-09-09 15:11:06","3000000000000","634000"
"da899f34f735de1f815d772b79784037c78a5101","6","2015-09-09 15:11:06","2485548084000","634000"
"9dd37be3fa7f60924466a6fdd24d5e3e4b3c43ce","7","2015-09-09 15:11:06","73661500","72924900"
"9dd37be3fa7f60924466a6fdd24d5e3e4b3c43ce","22","2015-09-09 15:11:06","72924900","72924900"
"da899f34f735de1f815d772b79784037c78a5101","6","2015-09-09 15:11:06","2461132020000","634000"
"9dd37be3fa7f60924466a6fdd24d5e3e4b3c43ce","7","2015-09-09 15:11:06","76420900","76386000"
"9dd37be3fa7f60924466a6fdd24d5e3e4b3c43ce","22","2015-09-09 15:11:06","76386000","76386000"
"da899f34f735de1f815d772b79784037c78a5101","6","2015-09-09 15:11:07","2425343220000","634000"
"9dd37be3fa7f60924466a6fdd24d5e3e4b3c43ce","7","2015-09-09 15:11:07","81506000","81454800"
"9dd37be3fa7f60924466a6fdd24d5e3e4b3c43ce","22","2015-09-09 15:11:07","81454800","81454800"
"da899f34f735de1f815d772b79784037c78a5101","6","2015-09-09 15:11:07","2386822810000","634000"
"9dd37be3fa7f60924466a6fdd24d5e3e4b3c43ce","7","2015-09-09 15:11:07","86964800","86909700"
"9dd37be3fa7f60924466a6fdd24d5e3e4b3c43ce","22","2015-09-09 15:11:07","86909700","86909700"
"da899f34f735de1f815d772b79784037c78a5101","6","2015-09-09 15:11:07","2348302400000","634000"
"9dd37be3fa7f60924466a6fdd24d5e3e4b3c43ce","7","2015-09-09 15:11:07","92419700","92364600"
"9dd37be3fa7f60924466a6fdd24d5e3e4b3c43ce","22","2015-09-09 15:11:07","92364600","92364600"
"da899f34f735de1f815d772b79784037c78a5101","6","2015-09-09 15:11:07","2309770970000","634000"
"9dd37be3fa7f60924466a6fdd24d5e3e4b3c43ce","7","2015-09-09 15:11:07","97874600","97819500"
"9dd37be3fa7f60924466a6fdd24d5e3e4b3c43ce","22","2015-09-09 15:11:07","97819500","97819500"
"da899f34f735de1f815d772b79784037c78a5101","6","2015-09-09 15:11:07","910970970000","634000"
"9dd37be3fa7f60924466a6fdd24d5e3e4b3c43ce","7","2015-09-09 15:11:07","297819500","295819500"
"9dd37be3fa7f60924466a6fdd24d5e3e4b3c43ce","22","2015-09-09 15:11:07","295819500","295819500"
"da899f34f735de1f815d772b79784037c78a5101","6","2015-09-09 15:11:07","831259000","634000"
"9dd37be3fa7f60924466a6fdd24d5e3e4b3c43ce","7","2015-09-09 15:11:07","425951000","424649700"
"9dd37be3fa7f60924466a6fdd24d5e3e4b3c43ce","22","2015-09-09 15:11:07","424649700","424649700"
"da899f34f735de1f815d772b79784037c78a5101","5","2015-09-09 15:11:08","831259000","831259000"
"da899f34f735de1f815d772b79784037c78a5101","4","2015-09-09 15:15:44","831259000","371800"
"da899f34f735de1f815d772b79784037c78a5101","6","2015-09-09 15:15:45","371800","371800"
"9dd37be3fa7f60924466a6fdd24d5e3e4b3c43ce","7","2015-09-09 15:15:45","424768500","424767400"
"9dd37be3fa7f60924466a6fdd24d5e3e4b3c43ce","22","2015-09-09 15:15:45","424767400","424767400"
"da899f34f735de1f815d772b79784037c78a5101","5","2015-09-09 15:15:45","371800","371800"
"fac79ea28effb6d180c17b128e928c18bee88312","1","2015-09-10 02:35:03","74806712","74806712"
"fac79ea28effb6d180c17b128e928c18bee88312","1","2015-09-11 02:47:41","79072812","79072812"
"fac79ea28effb6d180c17b128e928c18bee88312","1","2015-09-12 03:25:47","83327382","83327382"
"fac79ea28effb6d180c17b128e928c18bee88312","2","2015-09-13 02:30:23","83327382","327382"
"fac79ea28effb6d180c17b128e928c18bee88312","1","2015-09-13 02:30:26","327382","327382"
"fac79ea28effb6d180c17b128e928c18bee88312","1","2015-09-13 06:31:55","4564657","4564657"
"fac79ea28effb6d180c17b128e928c18bee88312","1","2015-09-14 02:48:02","8796167","8796167"
"fac79ea28effb6d180c17b128e928c18bee88312","1","2015-09-15 02:57:31","13010382","13010382"
"fac79ea28effb6d180c17b128e928c18bee88312","1","2015-09-16 01:56:55","17218832","17218832"
"a4438b9d95ed842ce879045b7b51d686d59c20d7","14","2015-09-16 06:34:44","0","0"
"d7a1ef4785e305652b4628644d28ea825b2eaaa3","15","2015-09-16 06:34:44","477000","477000"
"d7a1ef4785e305652b4628644d28ea825b2eaaa3","2","2015-09-16 06:37:06","477000","0"
"d7a1ef4785e305652b4628644d28ea825b2eaaa3","1","2015-09-16 06:37:09","0","0"
"fac79ea28effb6d180c17b128e928c18bee88312","1","2015-09-17 01:34:12","21473402","21473402"
"a4438b9d95ed842ce879045b7b51d686d59c20d7","1","2015-09-17 07:09:08","515000000000","515000000000"
"a4438b9d95ed842ce879045b7b51d686d59c20d7","14","2015-09-17 10:36:05","215000000000","215000000000"
"d7a1ef4785e305652b4628644d28ea825b2eaaa3","15","2015-09-17 10:36:05","173094000","173094000"
"a4438b9d95ed842ce879045b7b51d686d59c20d7","14","2015-09-17 10:38:29","0","0"
"d7a1ef4785e305652b4628644d28ea825b2eaaa3","15","2015-09-17 10:38:29","297108000","297108000"
"d7a1ef4785e305652b4628644d28ea825b2eaaa3","2","2015-09-17 10:40:31","297108000","0"
"d7a1ef4785e305652b4628644d28ea825b2eaaa3","1","2015-09-17 10:40:34","0","0"
"fac79ea28effb6d180c17b128e928c18bee88312","1","2015-09-18 02:02:43","25687617","25687617"
"fac79ea28effb6d180c17b128e928c18bee88312","1","2015-09-19 04:23:34","29947952","29947952"
"fac79ea28effb6d180c17b128e928c18bee88312","1","2015-09-20 01:35:23","34173697","34173697"
"fac79ea28effb6d180c17b128e928c18bee88312","1","2015-09-21 02:31:06","38439797","38439797"
"fac79ea28effb6d180c17b128e928c18bee88312","1","2015-09-22 01:50:13","42682837","42682837"
"fac79ea28effb6d180c17b128e928c18bee88312","1","2015-09-23 03:10:47","46960467","46960467"
"fac79ea28effb6d180c17b128e928c18bee88312","1","2015-09-24 02:51:26","51220802","51220802"
"fac79ea28effb6d180c17b128e928c18bee88312","1","2015-09-25 03:47:36","55492667","55492667"
"fac79ea28effb6d180c17b128e928c18bee88312","1","2015-09-26 04:48:18","59758767","59758767"
"fac79ea28effb6d180c17b128e928c18bee88312","1","2015-09-27 02:55:28","64013337","64013337"
"fac79ea28effb6d180c17b128e928c18bee88312","1","2015-09-28 05:50:03","68290967","68290967"
"fac79ea28effb6d180c17b128e928c18bee88312","1","2015-09-29 02:30:41","72574362","72574362"
"fac79ea28effb6d180c17b128e928c18bee88312","2","2015-09-29 23:51:33","72574362","44574362"
"fac79ea28effb6d180c17b128e928c18bee88312","1","2015-09-29 23:51:36","44574362","44574362"
"fac79ea28effb6d180c17b128e928c18bee88312","1","2015-09-30 03:26:12","48834697","48834697"
"fac79ea28effb6d180c17b128e928c18bee88312","1","2015-10-01 06:16:50","53129622","53129622"
"fac79ea28effb6d180c17b128e928c18bee88312","1","2015-10-02 02:13:54","57401487","57401487"
"fac79ea28effb6d180c17b128e928c18bee88312","1","2015-10-03 02:15:23","61707942","61707942"
"fac79ea28effb6d180c17b128e928c18bee88312","1","2015-10-04 05:50:35","65985572","65985572"
"fac79ea28effb6d180c17b128e928c18bee88312","1","2015-10-05 01:45:43","70297792","70297792"
"fac79ea28effb6d180c17b128e928c18bee88312","2","2015-10-05 15:33:24","70297792","14297792"
"fac79ea28effb6d180c17b128e928c18bee88312","1","2015-10-05 15:33:26","14297792","14297792"
"fac79ea28effb6d180c17b128e928c18bee88312","1","2015-10-06 02:04:17","18592717","18592717"
"a0fe67465914e2d8710f2534422b2542ef9732c6","1","2015-10-06 09:44:16","150000000000","150000000000"
"a0fe67465914e2d8710f2534422b2542ef9732c6","14","2015-10-06 20:45:47","0","0"
"34935b01dfc8d7637292be2de205a362573a39a4","15","2015-10-06 20:45:47","20491000","20491000"
"34935b01dfc8d7637292be2de205a362573a39a4","2","2015-10-06 20:45:48","20491000","0"
"34935b01dfc8d7637292be2de205a362573a39a4","1","2015-10-06 20:45:50","0","0"
"fac79ea28effb6d180c17b128e928c18bee88312","1","2015-10-07 02:28:55","22858817","22858817"
"ce61b4611a7e948a45f8caea97c34c64ca05600a","1","2015-10-07 12:23:09","917071","917071"
"fac79ea28effb6d180c17b128e928c18bee88312","1","2015-10-08 02:32:41","27130682","27130682"
"fac79ea28effb6d180c17b128e928c18bee88312","1","2015-10-09 02:18:00","31379487","31379487"
"ce61b4611a7e948a45f8caea97c34c64ca05600a","2","2015-10-09 14:29:50","917071","71"
"ce61b4611a7e948a45f8caea97c34c64ca05600a","1","2015-10-09 14:29:54","71","71"
"fac79ea28effb6d180c17b128e928c18bee88312","1","2015-10-10 04:21:25","35599467","35599467"
"fac79ea28effb6d180c17b128e928c18bee88312","2","2015-10-10 13:55:30","35599467","7909467"
"fac79ea28effb6d180c17b128e928c18bee88312","1","2015-10-10 13:55:32","7909467","7909467"
"fac79ea28effb6d180c17b128e928c18bee88312","1","2015-10-11 01:59:36","12117917","12117917"
"fac79ea28effb6d180c17b128e928c18bee88312","1","2015-10-12 02:22:22","16360957","16360957"
"fac79ea28effb6d180c17b128e928c18bee88312","1","2015-10-13 03:00:12","20592467","20592467"
"fac79ea28effb6d180c17b128e928c18bee88312","1","2015-10-14 03:21:44","24806682","24806682"
"5347994b9a4a509b966aa9233e20378fffcc831a","1","2015-10-14 07:34:06","50000000000","50000000000"
"5347994b9a4a509b966aa9233e20378fffcc831a","4","2015-10-14 07:40:15","50000000000","364800"
"5347994b9a4a509b966aa9233e20378fffcc831a","5","2015-10-14 10:41:14","50000000000","50000000000"
"5347994b9a4a509b966aa9233e20378fffcc831a","4","2015-10-14 10:42:26","50000000000","400000"
"5347994b9a4a509b966aa9233e20378fffcc831a","5","2015-10-14 11:00:30","50000000000","50000000000"
"5347994b9a4a509b966aa9233e20378fffcc831a","4","2015-10-14 11:01:11","50000000000","258200"
"5347994b9a4a509b966aa9233e20378fffcc831a","5","2015-10-14 11:16:27","50000000000","50000000000"
"5347994b9a4a509b966aa9233e20378fffcc831a","14","2015-10-14 11:17:14","0","0"
"ce61b4611a7e948a45f8caea97c34c64ca05600a","15","2015-10-14 11:17:14","6542071","6542071"
"ce61b4611a7e948a45f8caea97c34c64ca05600a","2","2015-10-14 11:23:40","6542071","71"
"ce61b4611a7e948a45f8caea97c34c64ca05600a","1","2015-10-14 11:23:42","71","71"
"fac79ea28effb6d180c17b128e928c18bee88312","1","2015-10-15 02:41:04","29067017","29067017"
"fac79ea28effb6d180c17b128e928c18bee88312","2","2015-10-15 15:40:33","29067017","12767017"
"fac79ea28effb6d180c17b128e928c18bee88312","1","2015-10-15 15:40:35","12767017","12767017"
"fac79ea28effb6d180c17b128e928c18bee88312","1","2015-10-16 04:35:44","17021587","17021587"
"18d3e517874b8e4785a1a9b5b530f01faa164017","1","2015-10-16 23:37:22","2888974","2888974"
"fac79ea28effb6d180c17b128e928c18bee88312","1","2015-10-17 06:45:16","21316512","21316512"
"fac79ea28effb6d180c17b128e928c18bee88312","1","2015-10-18 01:35:50","25594142","25594142"
"fac79ea28effb6d180c17b128e928c18bee88312","1","2015-10-19 02:09:39","29900597","29900597"
"fac79ea28effb6d180c17b128e928c18bee88312","1","2015-10-20 03:46:48","34218582","34218582"
"fac79ea28effb6d180c17b128e928c18bee88312","1","2015-10-21 02:26:13","38519272","38519272"
"fac79ea28effb6d180c17b128e928c18bee88312","1","2015-10-22 01:48:52","42785372","42785372"
"fac79ea28effb6d180c17b128e928c18bee88312","1","2015-10-23 01:48:39","47034177","47034177"
"fac79ea28effb6d180c17b128e928c18bee88312","1","2015-10-24 02:05:01","51265687","51265687"
"fac79ea28effb6d180c17b128e928c18bee88312","1","2015-10-25 04:15:30","55491432","55491432"
"fac79ea28effb6d180c17b128e928c18bee88312","1","2015-10-26 02:26:13","59699882","59699882"
"fac79ea28effb6d180c17b128e928c18bee88312","1","2015-10-27 02:20:55","63914097","63914097"
"d7a1ef4785e305652b4628644d28ea825b2eaaa3","1","2015-10-27 08:19:12","10000","10000"
"fac79ea28effb6d180c17b128e928c18bee88312","2","2015-10-27 11:05:50","63914097","20204097"
"fac79ea28effb6d180c17b128e928c18bee88312","1","2015-10-27 11:05:52","20204097","20204097"
"fac79ea28effb6d180c17b128e928c18bee88312","1","2015-10-28 02:33:23","24464432","24464432"
"d7a1ef4785e305652b4628644d28ea825b2eaaa3","1","2015-10-28 13:54:04","20000","20000"
"fac79ea28effb6d180c17b128e928c18bee88312","1","2015-10-29 02:14:43","28713237","28713237"
"fac79ea28effb6d180c17b128e928c18bee88312","1","2015-10-30 02:11:13","33002397","33002397"
"5347994b9a4a509b966aa9233e20378fffcc831a","1","2015-10-30 06:28:57","100000000000","100000000000"
"5347994b9a4a509b966aa9233e20378fffcc831a","4","2015-10-30 06:41:49","100000000000","516400"
"5347994b9a4a509b966aa9233e20378fffcc831a","5","2015-10-30 06:43:52","100000000000","100000000000"
"5347994b9a4a509b966aa9233e20378fffcc831a","4","2015-10-30 06:44:41","100000000000","190500"
"5347994b9a4a509b966aa9233e20378fffcc831a","5","2015-10-30 06:53:07","100000000000","100000000000"
"5347994b9a4a509b966aa9233e20378fffcc831a","4","2015-10-30 06:54:19","100000000000","824500"
"5347994b9a4a509b966aa9233e20378fffcc831a","5","2015-10-30 07:34:13","100000000000","100000000000"
"5347994b9a4a509b966aa9233e20378fffcc831a","14","2015-10-30 07:34:43","0","0"
"ce61b4611a7e948a45f8caea97c34c64ca05600a","15","2015-10-30 07:34:43","11358071","11358071"
"ce61b4611a7e948a45f8caea97c34c64ca05600a","14","2015-10-30 08:39:18","58071","58071"
"5347994b9a4a509b966aa9233e20378fffcc831a","15","2015-10-30 08:39:18","99123000000","99123000000"
"5347994b9a4a509b966aa9233e20378fffcc831a","4","2015-10-30 08:49:12","99123000000","60000"
"5347994b9a4a509b966aa9233e20378fffcc831a","5","2015-10-30 11:32:14","99123000000","99123000000"
"5347994b9a4a509b966aa9233e20378fffcc831a","4","2015-10-30 11:32:54","99123000000","687500"
"fac79ea28effb6d180c17b128e928c18bee88312","1","2015-10-31 02:40:00","37297322","37297322"
"fac79ea28effb6d180c17b128e928c18bee88312","1","2015-11-01 01:42:52","41595129","41595129"
"5347994b9a4a509b966aa9233e20378fffcc831a","5","2015-11-01 03:49:40","99123000000","99123000000"
"5347994b9a4a509b966aa9233e20378fffcc831a","14","2015-11-01 03:52:18","23000000","23000000"
"ce61b4611a7e948a45f8caea97c34c64ca05600a","15","2015-11-01 03:52:18","10802071","10802071"
"ce61b4611a7e948a45f8caea97c34c64ca05600a","4","2015-11-01 04:35:39","10802071","71"
"ce61b4611a7e948a45f8caea97c34c64ca05600a","5","2015-11-01 05:03:13","10802071","10802071"
"ce61b4611a7e948a45f8caea97c34c64ca05600a","4","2015-11-01 05:15:17","10802071","71"
"ce61b4611a7e948a45f8caea97c34c64ca05600a","6","2015-11-01 05:22:46","71","71"
"5347994b9a4a509b966aa9233e20378fffcc831a","7","2015-11-01 05:22:46","97132980000","97132980000"
"ce61b4611a7e948a45f8caea97c34c64ca05600a","5","2015-11-01 05:22:46","71","71"
"5347994b9a4a509b966aa9233e20378fffcc831a","4","2015-11-01 05:27:19","97132980000","420000"
"5347994b9a4a509b966aa9233e20378fffcc831a","5","2015-11-01 05:35:48","97132980000","97132980000"
"5347994b9a4a509b966aa9233e20378fffcc831a","4","2015-11-01 05:36:25","97132980000","529365000"
"5347994b9a4a509b966aa9233e20378fffcc831a","5","2015-11-01 05:43:42","97132980000","97132980000"
"5347994b9a4a509b966aa9233e20378fffcc831a","4","2015-11-01 05:43:58","97132980000","682000"
"5347994b9a4a509b966aa9233e20378fffcc831a","5","2015-11-01 06:56:27","97132980000","97132980000"
"5347994b9a4a509b966aa9233e20378fffcc831a","4","2015-11-01 06:56:46","97132980000","642600"
"5347994b9a4a509b966aa9233e20378fffcc831a","6","2015-11-01 08:53:40","642600","642600"
"ce61b4611a7e948a45f8caea97c34c64ca05600a","7","2015-11-01 08:53:40","10832271","10832271"
"5347994b9a4a509b966aa9233e20378fffcc831a","5","2015-11-01 08:53:42","642600","642600"
"ce61b4611a7e948a45f8caea97c34c64ca05600a","4","2015-11-01 08:58:04","10832271","21"
"ce61b4611a7e948a45f8caea97c34c64ca05600a","6","2015-11-01 08:58:04","10489871","21"
"ce61b4611a7e948a45f8caea97c34c64ca05600a","24","2015-11-01 08:58:04","10486471","21"
"5347994b9a4a509b966aa9233e20378fffcc831a","7","2015-11-01 08:58:04","3065122600","3065122600"
"ce61b4611a7e948a45f8caea97c34c64ca05600a","6","2015-11-01 08:58:08","103871","21"
"5347994b9a4a509b966aa9233e20378fffcc831a","7","2015-11-01 08:58:08","95989392600","95989392600"
"ce61b4611a7e948a45f8caea97c34c64ca05600a","5","2015-11-01 08:58:08","103871","103871"
"5347994b9a4a509b966aa9233e20378fffcc831a","4","2015-11-01 09:00:20","95989392600","532832600"
"5347994b9a4a509b966aa9233e20378fffcc831a","5","2015-11-01 09:02:51","95989392600","95989392600"
"5347994b9a4a509b966aa9233e20378fffcc831a","4","2015-11-01 09:03:16","95989392600","614000"
"5347994b9a4a509b966aa9233e20378fffcc831a","5","2015-11-01 09:32:02","95989392600","95989392600"
"5347994b9a4a509b966aa9233e20378fffcc831a","4","2015-11-01 09:32:24","95989392600","752600"
"5347994b9a4a509b966aa9233e20378fffcc831a","5","2015-11-01 10:03:06","95989392600","95989392600"
"5347994b9a4a509b966aa9233e20378fffcc831a","4","2015-11-01 10:03:30","95989392600","37600"
"5347994b9a4a509b966aa9233e20378fffcc831a","5","2015-11-01 10:20:52","95989392600","95989392600"
"5347994b9a4a509b966aa9233e20378fffcc831a","4","2015-11-01 10:21:15","95989392600","252600"
"5347994b9a4a509b966aa9233e20378fffcc831a","5","2015-11-01 10:32:40","95989392600","95989392600"
"5347994b9a4a509b966aa9233e20378fffcc831a","4","2015-11-01 10:33:24","95989392600","21811800"
"5347994b9a4a509b966aa9233e20378fffcc831a","5","2015-11-01 10:39:39","95989392600","95989392600"
"5347994b9a4a509b966aa9233e20378fffcc831a","4","2015-11-01 10:39:52","95989392600","180600"
"5347994b9a4a509b966aa9233e20378fffcc831a","5","2015-11-01 10:48:24","95989392600","95989392600"
"5347994b9a4a509b966aa9233e20378fffcc831a","4","2015-11-01 10:48:39","95989392600","380600"
"5347994b9a4a509b966aa9233e20378fffcc831a","5","2015-11-01 10:49:43","95989392600","95989392600"
"5347994b9a4a509b966aa9233e20378fffcc831a","4","2015-11-01 10:49:55","95989392600","612600"
"5347994b9a4a509b966aa9233e20378fffcc831a","5","2015-11-01 10:53:57","95989392600","95989392600"
"5347994b9a4a509b966aa9233e20378fffcc831a","4","2015-11-01 10:54:08","95989392600","658800"
"5347994b9a4a509b966aa9233e20378fffcc831a","5","2015-11-01 10:58:32","95989392600","95989392600"
"5347994b9a4a509b966aa9233e20378fffcc831a","4","2015-11-01 10:59:03","95989392600","612600"
"5347994b9a4a509b966aa9233e20378fffcc831a","5","2015-11-01 11:05:00","95989392600","95989392600"
"5347994b9a4a509b966aa9233e20378fffcc831a","4","2015-11-01 11:05:09","95989392600","597600"
"5347994b9a4a509b966aa9233e20378fffcc831a","5","2015-11-01 13:01:04","95989392600","95989392600"
"5347994b9a4a509b966aa9233e20378fffcc831a","4","2015-11-01 16:33:30","95989392600","11493600"
"5347994b9a4a509b966aa9233e20378fffcc831a","5","2015-11-01 16:50:19","95989392600","95989392600"
"5347994b9a4a509b966aa9233e20378fffcc831a","4","2015-11-01 16:50:34","95989392600","806400"
"5347994b9a4a509b966aa9233e20378fffcc831a","5","2015-11-01 16:52:27","95989392600","95989392600"
"5347994b9a4a509b966aa9233e20378fffcc831a","4","2015-11-01 16:52:41","95989392600","839400"
"5347994b9a4a509b966aa9233e20378fffcc831a","5","2015-11-01 17:09:04","95989392600","95989392600"
"5347994b9a4a509b966aa9233e20378fffcc831a","4","2015-11-01 17:09:15","95989392600","16600"
"5347994b9a4a509b966aa9233e20378fffcc831a","6","2015-11-01 17:10:44","16600","16600"
"ce61b4611a7e948a45f8caea97c34c64ca05600a","7","2015-11-01 17:10:44","10816971","10816971"
"5347994b9a4a509b966aa9233e20378fffcc831a","5","2015-11-01 17:10:44","16600","16600"
"ce61b4611a7e948a45f8caea97c34c64ca05600a","4","2015-11-01 17:12:11","10816971","71"
"ce61b4611a7e948a45f8caea97c34c64ca05600a","5","2015-11-01 17:18:15","10816971","10816971"
"ce61b4611a7e948a45f8caea97c34c64ca05600a","4","2015-11-01 17:18:32","10816971","71"
"ce61b4611a7e948a45f8caea97c34c64ca05600a","5","2015-11-01 17:20:33","10816971","10816971"
"ce61b4611a7e948a45f8caea97c34c64ca05600a","4","2015-11-01 17:20:46","10816971","71"
"ce61b4611a7e948a45f8caea97c34c64ca05600a","5","2015-11-01 17:22:14","10816971","10816971"
"ce61b4611a7e948a45f8caea97c34c64ca05600a","4","2015-11-01 17:22:31","10816971","71"
"ce61b4611a7e948a45f8caea97c34c64ca05600a","5","2015-11-01 17:24:08","10816971","10816971"
"ce61b4611a7e948a45f8caea97c34c64ca05600a","2","2015-11-01 17:59:51","10816971","0"
"ce61b4611a7e948a45f8caea97c34c64ca05600a","1","2015-11-01 17:59:54","0","0"
"fac79ea28effb6d180c17b128e928c18bee88312","1","2015-11-02 03:51:31","45866994","45866994"
"fac79ea28effb6d180c17b128e928c18bee88312","1","2015-11-03 02:47:40","50150389","50150389"
"ce61b4611a7e948a45f8caea97c34c64ca05600a","1","2015-11-03 07:32:45","4182186","4182186"
"ce61b4611a7e948a45f8caea97c34c64ca05600a","4","2015-11-03 07:42:29","4182186","86"
"ce61b4611a7e948a45f8caea97c34c64ca05600a","5","2015-11-03 07:46:19","4182186","4182186"
"ce61b4611a7e948a45f8caea97c34c64ca05600a","4","2015-11-03 07:48:10","4182186","86"
"ce61b4611a7e948a45f8caea97c34c64ca05600a","5","2015-11-03 07:51:58","4182186","4182186"
"ce61b4611a7e948a45f8caea97c34c64ca05600a","4","2015-11-03 07:52:50","4182186","86"
"ce61b4611a7e948a45f8caea97c34c64ca05600a","5","2015-11-03 07:53:34","4182186","4182186"
"ce61b4611a7e948a45f8caea97c34c64ca05600a","4","2015-11-03 07:54:07","4182186","86"
"ce61b4611a7e948a45f8caea97c34c64ca05600a","5","2015-11-03 08:00:24","4182186","4182186"
"ce61b4611a7e948a45f8caea97c34c64ca05600a","4","2015-11-03 08:00:41","4182186","86"
"ce61b4611a7e948a45f8caea97c34c64ca05600a","5","2015-11-03 08:01:24","4182186","4182186"
"ce61b4611a7e948a45f8caea97c34c64ca05600a","4","2015-11-03 08:01:55","4182186","86"
"ce61b4611a7e948a45f8caea97c34c64ca05600a","5","2015-11-03 08:03:38","4182186","4182186"
"ce61b4611a7e948a45f8caea97c34c64ca05600a","4","2015-11-03 08:05:57","4182186","86"
"ce61b4611a7e948a45f8caea97c34c64ca05600a","5","2015-11-03 08:09:20","4182186","4182186"
"ce61b4611a7e948a45f8caea97c34c64ca05600a","4","2015-11-03 08:09:51","4182186","86"
"ce61b4611a7e948a45f8caea97c34c64ca05600a","5","2015-11-03 08:10:54","4182186","4182186"
"ce61b4611a7e948a45f8caea97c34c64ca05600a","4","2015-11-03 08:11:06","4182186","86"
"ce61b4611a7e948a45f8caea97c34c64ca05600a","5","2015-11-03 08:14:24","4182186","4182186"
"ce61b4611a7e948a45f8caea97c34c64ca05600a","4","2015-11-03 08:14:32","4182186","86"
"ce61b4611a7e948a45f8caea97c34c64ca05600a","5","2015-11-03 08:18:11","4182186","4182186"
"ce61b4611a7e948a45f8caea97c34c64ca05600a","4","2015-11-03 08:18:53","4182186","86"
"ce61b4611a7e948a45f8caea97c34c64ca05600a","5","2015-11-03 08:22:34","4182186","4182186"
"ce61b4611a7e948a45f8caea97c34c64ca05600a","4","2015-11-03 08:23:11","4182186","86"
"ce61b4611a7e948a45f8caea97c34c64ca05600a","6","2015-11-03 08:29:31","86","86"
"5347994b9a4a509b966aa9233e20378fffcc831a","7","2015-11-03 08:29:31","37931663600","37931663600"
"ce61b4611a7e948a45f8caea97c34c64ca05600a","5","2015-11-03 08:29:31","86","86"
"5347994b9a4a509b966aa9233e20378fffcc831a","4","2015-11-03 08:33:15","37931663600","192800"
"5347994b9a4a509b966aa9233e20378fffcc831a","5","2015-11-03 08:41:50","37931663600","37931663600"
"5347994b9a4a509b966aa9233e20378fffcc831a","4","2015-11-03 08:42:33","37931663600","126193600"
"5347994b9a4a509b966aa9233e20378fffcc831a","5","2015-11-03 08:45:04","37931663600","37931663600"
"5347994b9a4a509b966aa9233e20378fffcc831a","4","2015-11-03 08:46:56","37931663600","149600"
"5347994b9a4a509b966aa9233e20378fffcc831a","5","2015-11-03 08:59:39","37931663600","37931663600"
"5347994b9a4a509b966aa9233e20378fffcc831a","4","2015-11-03 09:00:28","37931663600","161600"
"5347994b9a4a509b966aa9233e20378fffcc831a","5","2015-11-03 09:03:20","37931663600","37931663600"
"5347994b9a4a509b966aa9233e20378fffcc831a","4","2015-11-03 09:03:37","37931663600","133600"
"5347994b9a4a509b966aa9233e20378fffcc831a","5","2015-11-03 09:08:21","37931663600","37931663600"
"5347994b9a4a509b966aa9233e20378fffcc831a","4","2015-11-03 09:08:52","37931663600","671600"
"5347994b9a4a509b966aa9233e20378fffcc831a","5","2015-11-03 09:11:57","37931663600","37931663600"
"5347994b9a4a509b966aa9233e20378fffcc831a","4","2015-11-03 09:18:04","37931663600","133600"
"5347994b9a4a509b966aa9233e20378fffcc831a","5","2015-11-03 09:22:11","37931663600","37931663600"
"5347994b9a4a509b966aa9233e20378fffcc831a","4","2015-11-03 09:22:37","37931663600","233600"
"5347994b9a4a509b966aa9233e20378fffcc831a","5","2015-11-03 09:24:34","37931663600","37931663600"
"5347994b9a4a509b966aa9233e20378fffcc831a","4","2015-11-03 09:24:51","37931663600","133600"
"5347994b9a4a509b966aa9233e20378fffcc831a","6","2015-11-03 09:26:27","133600","133600"
"ce61b4611a7e948a45f8caea97c34c64ca05600a","7","2015-11-03 09:26:27","4168386","4168386"
"5347994b9a4a509b966aa9233e20378fffcc831a","5","2015-11-03 09:26:30","133600","133600"
"ce61b4611a7e948a45f8caea97c34c64ca05600a","4","2015-11-03 09:27:51","4168386","86"
"ce61b4611a7e948a45f8caea97c34c64ca05600a","6","2015-11-03 09:28:47","86","86"
"5347994b9a4a509b966aa9233e20378fffcc831a","7","2015-11-03 09:28:47","38265127600","38265127600"
"ce61b4611a7e948a45f8caea97c34c64ca05600a","5","2015-11-03 09:28:48","86","86"
"5347994b9a4a509b966aa9233e20378fffcc831a","4","2015-11-03 09:40:51","38265127600","537600"
"5347994b9a4a509b966aa9233e20378fffcc831a","5","2015-11-03 09:41:28","38265127600","38265127600"
"5347994b9a4a509b966aa9233e20378fffcc831a","4","2015-11-03 09:41:53","38265127600","772600"
"5347994b9a4a509b966aa9233e20378fffcc831a","5","2015-11-03 09:44:22","38265127600","38265127600"
"5347994b9a4a509b966aa9233e20378fffcc831a","4","2015-11-03 09:44:32","38265127600","643600"
"5347994b9a4a509b966aa9233e20378fffcc831a","5","2015-11-03 09:46:46","38265127600","38265127600"
"5347994b9a4a509b966aa9233e20378fffcc831a","4","2015-11-03 09:47:12","38265127600","537600"
"5347994b9a4a509b966aa9233e20378fffcc831a","5","2015-11-03 09:47:37","38265127600","38265127600"
"5347994b9a4a509b966aa9233e20378fffcc831a","4","2015-11-03 09:47:49","38265127600","394600"
"5347994b9a4a509b966aa9233e20378fffcc831a","5","2015-11-03 09:48:22","38265127600","38265127600"
"5347994b9a4a509b966aa9233e20378fffcc831a","4","2015-11-03 10:08:39","38265127600","394600"
"5347994b9a4a509b966aa9233e20378fffcc831a","5","2015-11-03 10:18:56","38265127600","38265127600"
"5347994b9a4a509b966aa9233e20378fffcc831a","4","2015-11-03 10:19:42","38265127600","749800"
"5347994b9a4a509b966aa9233e20378fffcc831a","5","2015-11-03 10:26:17","38265127600","38265127600"
"5347994b9a4a509b966aa9233e20378fffcc831a","4","2015-11-03 10:26:33","38265127600","896400"
"5347994b9a4a509b966aa9233e20378fffcc831a","5","2015-11-03 10:46:23","38265127600","38265127600"
"5347994b9a4a509b966aa9233e20378fffcc831a","4","2015-11-03 11:08:17","38265127600","336100"
"5347994b9a4a509b966aa9233e20378fffcc831a","5","2015-11-03 11:22:13","38265127600","38265127600"
"5347994b9a4a509b966aa9233e20378fffcc831a","4","2015-11-03 18:16:56","38265127600","487600"
"5347994b9a4a509b966aa9233e20378fffcc831a","5","2015-11-03 18:18:13","38265127600","38265127600"
"5347994b9a4a509b966aa9233e20378fffcc831a","4","2015-11-03 18:18:38","38265127600","763000"
"5347994b9a4a509b966aa9233e20378fffcc831a","6","2015-11-03 18:27:53","763000","763000"
"ce61b4611a7e948a45f8caea97c34c64ca05600a","7","2015-11-03 18:27:53","4134986","4134986"
"5347994b9a4a509b966aa9233e20378fffcc831a","5","2015-11-03 18:27:59","763000","763000"
"ce61b4611a7e948a45f8caea97c34c64ca05600a","4","2015-11-03 18:30:40","4134986","86"
"ce61b4611a7e948a45f8caea97c34c64ca05600a","5","2015-11-03 18:31:07","4134986","4134986"
"ce61b4611a7e948a45f8caea97c34c64ca05600a","4","2015-11-03 18:31:21","4134986","86"
"ce61b4611a7e948a45f8caea97c34c64ca05600a","5","2015-11-03 18:32:24","4134986","4134986"
"ce61b4611a7e948a45f8caea97c34c64ca05600a","4","2015-11-03 18:32:54","4134986","86"
"ce61b4611a7e948a45f8caea97c34c64ca05600a","6","2015-11-03 18:35:59","1417986","86"
"5347994b9a4a509b966aa9233e20378fffcc831a","7","2015-11-03 18:35:59","25293316000","25293316000"
"ce61b4611a7e948a45f8caea97c34c64ca05600a","5","2015-11-03 18:38:50","1417986","1417986"
"ce61b4611a7e948a45f8caea97c34c64ca05600a","4","2015-11-03 18:39:10","1417986","86"
"ce61b4611a7e948a45f8caea97c34c64ca05600a","5","2015-11-03 18:42:05","1417986","1417986"
"ce61b4611a7e948a45f8caea97c34c64ca05600a","4","2015-11-03 18:42:45","1417986","86"
"ce61b4611a7e948a45f8caea97c34c64ca05600a","5","2015-11-03 18:45:30","1417986","1417986"
"ce61b4611a7e948a45f8caea97c34c64ca05600a","4","2015-11-03 18:52:02","1417986","86"
"ce61b4611a7e948a45f8caea97c34c64ca05600a","5","2015-11-03 19:05:46","1417986","1417986"
"ce61b4611a7e948a45f8caea97c34c64ca05600a","4","2015-11-03 19:06:07","1417986","86"
"ce61b4611a7e948a45f8caea97c34c64ca05600a","5","2015-11-03 19:09:06","1417986","1417986"
"fac79ea28effb6d180c17b128e928c18bee88312","1","2015-11-04 03:21:51","54474139","54474139"
"5347994b9a4a509b966aa9233e20378fffcc831a","4","2015-11-04 12:29:49","25293316000","100000"
"5347994b9a4a509b966aa9233e20378fffcc831a","5","2015-11-04 12:30:07","25293316000","25293316000"
"5347994b9a4a509b966aa9233e20378fffcc831a","4","2015-11-04 12:30:17","25293316000","202500"
"5347994b9a4a509b966aa9233e20378fffcc831a","5","2015-11-04 12:34:19","25293316000","25293316000"
"ce61b4611a7e948a45f8caea97c34c64ca05600a","4","2015-11-04 12:36:29","1417986","86"
"5347994b9a4a509b966aa9233e20378fffcc831a","4","2015-11-04 12:37:14","25293316000","100000"
"ce61b4611a7e948a45f8caea97c34c64ca05600a","6","2015-11-04 12:40:03","86","86"
"5347994b9a4a509b966aa9233e20378fffcc831a","7","2015-11-04 12:40:03","38649934000","13356718000"
"ce61b4611a7e948a45f8caea97c34c64ca05600a","5","2015-11-04 12:40:04","86","86"
"5347994b9a4a509b966aa9233e20378fffcc831a","5","2015-11-04 12:42:33","38649934000","38649934000"
"5347994b9a4a509b966aa9233e20378fffcc831a","4","2015-11-04 12:43:04","38649934000","281500"
"5347994b9a4a509b966aa9233e20378fffcc831a","6","2015-11-04 12:43:04","281500","281500"
"ce61b4611a7e948a45f8caea97c34c64ca05600a","7","2015-11-04 12:43:04","4102586","4061586"
"ce61b4611a7e948a45f8caea97c34c64ca05600a","22","2015-11-04 12:43:04","4061586","4061586"
"5347994b9a4a509b966aa9233e20378fffcc831a","5","2015-11-04 12:43:05","281500","281500"
"ce61b4611a7e948a45f8caea97c34c64ca05600a","4","2015-11-04 12:44:08","4061586","86"
"ce61b4611a7e948a45f8caea97c34c64ca05600a","5","2015-11-04 12:59:35","4061586","4061586"
"ce61b4611a7e948a45f8caea97c34c64ca05600a","4","2015-11-04 13:00:04","4061586","86"
"ce61b4611a7e948a45f8caea97c34c64ca05600a","5","2015-11-04 13:06:20","4061586","4061586"
"ce61b4611a7e948a45f8caea97c34c64ca05600a","4","2015-11-04 13:06:44","4061586","86"
"ce61b4611a7e948a45f8caea97c34c64ca05600a","5","2015-11-04 13:12:11","4061586","4061586"
"ce61b4611a7e948a45f8caea97c34c64ca05600a","2","2015-11-04 13:17:09","4061586","1586"
"ce61b4611a7e948a45f8caea97c34c64ca05600a","1","2015-11-04 13:17:12","1586","1586"
"fac79ea28effb6d180c17b128e928c18bee88312","2","2015-11-04 15:45:00","54474139","4474139"
"fac79ea28effb6d180c17b128e928c18bee88312","1","2015-11-04 18:12:59","4474139","4474139"
"fac79ea28effb6d180c17b128e928c18bee88312","1","2015-11-05 01:46:07","8792124","8792124"
"fac79ea28effb6d180c17b128e928c18bee88312","1","2015-11-06 01:32:36","13087049","13087049"
"fac79ea28effb6d180c17b128e928c18bee88312","1","2015-11-07 01:50:50","17370444","17370444"
"fac79ea28effb6d180c17b128e928c18bee88312","1","2015-11-08 01:37:47","21630779","21630779"
"fac79ea28effb6d180c17b128e928c18bee88312","1","2015-11-09 02:26:00","25896879","25896879"
"d7a1ef4785e305652b4628644d28ea825b2eaaa3","2","2015-11-10 01:34:11","20000","10000"
"d7a1ef4785e305652b4628644d28ea825b2eaaa3","1","2015-11-10 01:34:13","10000","10000"
"fac79ea28effb6d180c17b128e928c18bee88312","1","2015-11-10 01:50:25","30168744","30168744"
"fac79ea28effb6d180c17b128e928c18bee88312","1","2015-11-11 03:46:13","34434844","34434844"
"fac79ea28effb6d180c17b128e928c18bee88312","1","2015-11-12 02:10:19","38689414","38689414"
"fac79ea28effb6d180c17b128e928c18bee88312","1","2015-11-13 02:03:37","42926689","42926689"
"d7a1ef4785e305652b4628644d28ea825b2eaaa3","2","2015-11-13 22:51:22","10000","0"
"d7a1ef4785e305652b4628644d28ea825b2eaaa3","1","2015-11-13 22:51:24","0","0"
"fac79ea28effb6d180c17b128e928c18bee88312","1","2015-11-14 01:43:08","47158199","47158199"
"fac79ea28effb6d180c17b128e928c18bee88312","2","2015-11-14 08:02:11","47158199","199"
"fac79ea28effb6d180c17b128e928c18bee88312","1","2015-11-14 08:02:13","199","199"
"fac79ea28effb6d180c17b128e928c18bee88312","1","2015-11-15 02:02:33","4214414","4214414"
"fac79ea28effb6d180c17b128e928c18bee88312","1","2015-11-16 01:22:37","8422864","8422864"
"fac79ea28effb6d180c17b128e928c18bee88312","1","2015-11-17 02:17:16","12677434","12677434"
"fac79ea28effb6d180c17b128e928c18bee88312","1","2015-11-18 04:52:30","16891649","16891649"
"fac79ea28effb6d180c17b128e928c18bee88312","1","2015-11-19 01:50:33","21151984","21151984"
"fac79ea28effb6d180c17b128e928c18bee88312","1","2015-11-20 01:27:04","25377729","25377729"
"fac79ea28effb6d180c17b128e928c18bee88312","1","2015-11-21 03:53:59","29643829","29643829"
"fac79ea28effb6d180c17b128e928c18bee88312","1","2015-11-22 02:41:10","33886869","33886869"
"fac79ea28effb6d180c17b128e928c18bee88312","1","2015-11-23 01:37:12","38164499","38164499"
"fac79ea28effb6d180c17b128e928c18bee88312","1","2015-11-24 01:55:34","42424834","42424834"
"fac79ea28effb6d180c17b128e928c18bee88312","1","2015-11-25 01:35:38","46696699","46696699"
"fac79ea28effb6d180c17b128e928c18bee88312","1","2015-11-26 01:38:41","50962799","50962799"
"fac79ea28effb6d180c17b128e928c18bee88312","2","2015-11-28 04:21:33","50962799","62799"
"fac79ea28effb6d180c17b128e928c18bee88312","1","2015-11-28 04:21:37","62799","62799"
"e2b1cf76fe51f6c23e564752b2e4403a4921170c","1","2015-11-30 14:42:45","5000000000","5000000000"
"e2b1cf76fe51f6c23e564752b2e4403a4921170c","1","2015-12-01 14:34:38","15000000000","15000000000"
"e2b1cf76fe51f6c23e564752b2e4403a4921170c","14","2015-12-01 15:06:49","1033000000","1033000000"
"899a76dd6f85fc5d6e029f597586e70116d6b651","15","2015-12-01 15:06:49","5000000","5000000"
"899a76dd6f85fc5d6e029f597586e70116d6b651","2","2015-12-01 15:42:52","5000000","0"
"899a76dd6f85fc5d6e029f597586e70116d6b651","1","2015-12-01 15:42:55","0","0"
"a1016faee23e5b4722f619f87fa8e96fedf82811","1","2015-12-02 16:46:19","36055","36055"
"e2b1cf76fe51f6c23e564752b2e4403a4921170c","1","2015-12-05 15:15:35","3033000000","3033000000"
"796fdb187a9ac17febe79d262bc99623616937e8","1","2015-12-22 15:49:06","1345616","1345616"
"796fdb187a9ac17febe79d262bc99623616937e8","2","2015-12-23 07:00:34","1345616","0"
"796fdb187a9ac17febe79d262bc99623616937e8","1","2015-12-23 07:00:37","0","0"
"4f0f8ce05df2cef016e51123fe4b86c2a0eaf480","1","2016-01-07 15:15:40","10160","10160"
"cf73db1604479245ab93384c7c44306725aa3ce6","1","2016-01-10 09:20:57","3420967","3420967"
"cf73db1604479245ab93384c7c44306725aa3ce6","2","2016-01-10 11:26:22","3420967","420967"
"cf73db1604479245ab93384c7c44306725aa3ce6","1","2016-01-10 11:26:39","420967","420967"
"cf73db1604479245ab93384c7c44306725aa3ce6","2","2016-01-12 03:35:44","420967","78967"
"cf73db1604479245ab93384c7c44306725aa3ce6","1","2016-01-12 03:35:53","78967","78967"
"cf73db1604479245ab93384c7c44306725aa3ce6","1","2016-01-13 11:27:08","545282","545282"
"f8d60498cc10d485d90095a71f929ce7d46143fa","1","2016-01-13 22:14:11","500000000","500000000"
"f8d60498cc10d485d90095a71f929ce7d46143fa","4","2016-01-13 22:34:08","500000000","0"
"cf73db1604479245ab93384c7c44306725aa3ce6","2","2016-01-14 06:20:11","545282","28282"
"cf73db1604479245ab93384c7c44306725aa3ce6","1","2016-01-14 06:20:14","28282","28282"
"cf73db1604479245ab93384c7c44306725aa3ce6","1","2016-01-14 06:54:07","224544","224544"
"f8d60498cc10d485d90095a71f929ce7d46143fa","5","2016-01-17 01:34:46","500000000","500000000"
"cf73db1604479245ab93384c7c44306725aa3ce6","1","2016-01-17 15:22:19","4047101","4047101"
"cf73db1604479245ab93384c7c44306725aa3ce6","2","2016-01-17 15:44:40","4047101","3047101"
"cf73db1604479245ab93384c7c44306725aa3ce6","1","2016-01-17 15:44:44","3047101","3047101"
"cf73db1604479245ab93384c7c44306725aa3ce6","2","2016-01-17 15:47:35","3047101","2047101"
"cf73db1604479245ab93384c7c44306725aa3ce6","1","2016-01-17 15:47:39","2047101","2047101"
"cf73db1604479245ab93384c7c44306725aa3ce6","2","2016-01-17 16:01:33","2047101","1047101"
"cf73db1604479245ab93384c7c44306725aa3ce6","1","2016-01-17 16:01:37","1047101","1047101"
"6b1c5a13bc5e276fc8b8b02307aaeb2fee23ade6","1","2016-01-18 21:07:12","37500000","37500000"
"6b1c5a13bc5e276fc8b8b02307aaeb2fee23ade6","2","2016-01-19 10:56:16","37500000","12500000"
"6b1c5a13bc5e276fc8b8b02307aaeb2fee23ade6","2","2016-01-19 11:03:28","37500000","355100"
"6b1c5a13bc5e276fc8b8b02307aaeb2fee23ade6","1","2016-01-19 11:38:23","25355100","355100"
"6b1c5a13bc5e276fc8b8b02307aaeb2fee23ade6","1","2016-01-19 11:38:26","355100","355100"
"cf73db1604479245ab93384c7c44306725aa3ce6","1","2016-01-19 22:23:53","1247101","1247101"
"cf73db1604479245ab93384c7c44306725aa3ce6","1","2016-01-19 22:29:52","1355101","1355101"
"cf73db1604479245ab93384c7c44306725aa3ce6","2","2016-01-20 07:07:08","1355101","355101"
"cf73db1604479245ab93384c7c44306725aa3ce6","1","2016-01-20 07:07:12","355101","355101"
"cf73db1604479245ab93384c7c44306725aa3ce6","2","2016-01-20 19:23:49","355101","182101"
"cf73db1604479245ab93384c7c44306725aa3ce6","1","2016-01-20 19:23:53","182101","182101"
"cf73db1604479245ab93384c7c44306725aa3ce6","1","2016-01-21 10:46:44","654262","654262"
"cf73db1604479245ab93384c7c44306725aa3ce6","2","2016-01-21 15:56:28","654262","454262"
"cf73db1604479245ab93384c7c44306725aa3ce6","1","2016-01-21 15:56:36","454262","454262"
"cf73db1604479245ab93384c7c44306725aa3ce6","2","2016-01-21 16:19:24","454262","262"
"cf73db1604479245ab93384c7c44306725aa3ce6","1","2016-01-21 16:19:33","262","262"
"4f0f8ce05df2cef016e51123fe4b86c2a0eaf480","1","2016-01-21 16:44:45","30850","30850"
"cf73db1604479245ab93384c7c44306725aa3ce6","1","2016-01-23 18:38:06","877093","877093"
"cf73db1604479245ab93384c7c44306725aa3ce6","1","2016-01-23 20:36:58","1052065","1052065"
"cf73db1604479245ab93384c7c44306725aa3ce6","1","2016-01-23 21:30:32","1213500","1213500"
"cf73db1604479245ab93384c7c44306725aa3ce6","1","2016-01-23 21:30:32","1399500","1399500"
"4f0f8ce05df2cef016e51123fe4b86c2a0eaf480","1","2016-01-24 10:10:04","42600","42600"
"cf73db1604479245ab93384c7c44306725aa3ce6","2","2016-01-24 10:20:22","1399500","399500"
"cf73db1604479245ab93384c7c44306725aa3ce6","1","2016-01-24 10:20:26","399500","399500"
"0319f020c4ee87553b196aea89ca79e2f1b08d75","1","2016-01-24 11:49:44","1630000","1630000"
"4f0f8ce05df2cef016e51123fe4b86c2a0eaf480","1","2016-01-24 22:47:06","54350","54350"
"cf73db1604479245ab93384c7c44306725aa3ce6","2","2016-01-25 13:28:52","399500","50500"
"cf73db1604479245ab93384c7c44306725aa3ce6","1","2016-01-25 13:28:55","50500","50500"
"cf73db1604479245ab93384c7c44306725aa3ce6","1","2016-01-26 14:48:35","558776","558776"
"cf73db1604479245ab93384c7c44306725aa3ce6","2","2016-01-26 15:11:11","558776","212776"
"cf73db1604479245ab93384c7c44306725aa3ce6","1","2016-01-26 15:11:15","212776","212776"
"cf73db1604479245ab93384c7c44306725aa3ce6","1","2016-01-27 12:12:57","411660","411660"
"cf73db1604479245ab93384c7c44306725aa3ce6","2","2016-01-27 14:58:17","411660","62660"
"cf73db1604479245ab93384c7c44306725aa3ce6","1","2016-01-27 14:58:21","62660","62660"
"cf73db1604479245ab93384c7c44306725aa3ce6","1","2016-01-27 15:28:09","246660","246660"
"cf73db1604479245ab93384c7c44306725aa3ce6","1","2016-01-27 21:58:34","693196","693196"
"cf73db1604479245ab93384c7c44306725aa3ce6","2","2016-01-28 02:11:54","693196","341196"
"cf73db1604479245ab93384c7c44306725aa3ce6","1","2016-01-28 02:11:58","341196","341196"
"cf73db1604479245ab93384c7c44306725aa3ce6","2","2016-01-29 01:06:58","341196","1196"
"cf73db1604479245ab93384c7c44306725aa3ce6","1","2016-01-29 01:07:02","1196","1196"
"bf47931a2e6907879c5be62998e3ec7762971f23","1","2016-01-29 12:04:22","15000000000","15000000000"
"bf47931a2e6907879c5be62998e3ec7762971f23","14","2016-01-29 12:27:34","0","0"
"0f420ac5201d72b13ca42ddcb3a1bef4563eef8b","15","2016-01-29 12:27:34","1746000","1746000"
"0f420ac5201d72b13ca42ddcb3a1bef4563eef8b","2","2016-01-29 12:27:35","1746000","0"
"0f420ac5201d72b13ca42ddcb3a1bef4563eef8b","1","2016-01-29 12:27:39","0","0"
"cf73db1604479245ab93384c7c44306725aa3ce6","1","2016-01-31 04:21:34","78134","78134"
"ca73e16262ddc7ffc1a8ae0c9dbe9befabf22150","1","2016-02-01 13:06:27","427624","427624"
"b224980a1e958f8179eff2ed81dd611159e19990","1","2016-02-03 07:59:42","174779","174779"
"b224980a1e958f8179eff2ed81dd611159e19990","1","2016-02-03 08:29:06","6818471","6818471"
"f8d60498cc10d485d90095a71f929ce7d46143fa","2","2016-02-04 15:31:37","500000000","300000000"
"f8d60498cc10d485d90095a71f929ce7d46143fa","1","2016-02-04 15:31:48","300000000","300000000"
"f8d60498cc10d485d90095a71f929ce7d46143fa","2","2016-02-04 16:41:39","300000000","0"
"f8d60498cc10d485d90095a71f929ce7d46143fa","1","2016-02-04 16:41:43","0","0"
"a72d76b8f1c36228ad0828c7373f66618b5928c1","1","2016-02-05 14:32:45","10000000000","10000000000"
"a72d76b8f1c36228ad0828c7373f66618b5928c1","14","2016-02-05 14:33:42","0","0"
"905d3e57dfbaad8fa22618dba234d94cf57d600e","15","2016-02-05 14:33:42","1068000","1068000"
"5230ccf71a58dceedd2cdf1deec17dac329a59a1","1","2016-02-07 07:54:29","150000000000","150000000000"
"5230ccf71a58dceedd2cdf1deec17dac329a59a1","14","2016-02-07 08:24:59","0","0"
"3661f1de28fc098aa481e68087c2ba7502865b14","15","2016-02-07 08:25:00","59544000","59544000"
"3661f1de28fc098aa481e68087c2ba7502865b14","2","2016-02-07 08:31:14","59544000","0"
"3661f1de28fc098aa481e68087c2ba7502865b14","1","2016-02-07 08:31:19","0","0"
"cf73db1604479245ab93384c7c44306725aa3ce6","1","2016-02-07 17:14:22","608134","608134"
"cf73db1604479245ab93384c7c44306725aa3ce6","2","2016-02-08 09:25:35","608134","134"
"cf73db1604479245ab93384c7c44306725aa3ce6","1","2016-02-08 10:10:15","134","134"
"b224980a1e958f8179eff2ed81dd611159e19990","1","2016-02-08 11:56:09","20201939","20201939"
"b224980a1e958f8179eff2ed81dd611159e19990","2","2016-02-09 12:49:05","20201939","41939"
"b224980a1e958f8179eff2ed81dd611159e19990","1","2016-02-09 12:49:11","41939","41939"
"5230ccf71a58dceedd2cdf1deec17dac329a59a1","1","2016-02-09 15:05:58","400000000000","400000000000"
"5230ccf71a58dceedd2cdf1deec17dac329a59a1","14","2016-02-09 15:13:21","0","0"
"3661f1de28fc098aa481e68087c2ba7502865b14","15","2016-02-09 15:13:21","156051000","156051000"
"3661f1de28fc098aa481e68087c2ba7502865b14","2","2016-02-10 02:53:11","156051000","3094103"
"3661f1de28fc098aa481e68087c2ba7502865b14","1","2016-02-10 02:53:15","3094103","3094103"
"10f626168da4264bbde56e95782e1dc94d0efd18","1","2016-02-10 09:53:53","10750","10750"
"cf73db1604479245ab93384c7c44306725aa3ce6","1","2016-02-13 07:07:33","329470","329470"
"cf73db1604479245ab93384c7c44306725aa3ce6","1","2016-02-13 08:09:03","604908","604908"
"cf73db1604479245ab93384c7c44306725aa3ce6","1","2016-02-13 09:20:09","1029821","1029821"
"02673fdd1aa03b9b504ada7cd219e270f93921c8","1","2016-02-13 13:01:29","23085","23085"
"cf73db1604479245ab93384c7c44306725aa3ce6","2","2016-02-13 14:35:55","1029821","700821"
"cf73db1604479245ab93384c7c44306725aa3ce6","1","2016-02-13 14:35:58","700821","700821"
"cf73db1604479245ab93384c7c44306725aa3ce6","2","2016-02-14 23:46:45","700821","371821"
"cf73db1604479245ab93384c7c44306725aa3ce6","1","2016-02-14 23:46:47","371821","371821"
"ce61b4611a7e948a45f8caea97c34c64ca05600a","1","2016-02-15 10:34:08","1317346","1317346"
"ce61b4611a7e948a45f8caea97c34c64ca05600a","1","2016-02-15 10:38:41","1646320","1646320"
"cf73db1604479245ab93384c7c44306725aa3ce6","2","2016-02-16 02:20:56","371821","42821"
"cf73db1604479245ab93384c7c44306725aa3ce6","1","2016-02-16 02:21:00","42821","42821"
"cf73db1604479245ab93384c7c44306725aa3ce6","1","2016-02-16 02:56:18","525914","525914"
"02673fdd1aa03b9b504ada7cd219e270f93921c8","2","2016-02-16 12:28:16","23085","3085"
"02673fdd1aa03b9b504ada7cd219e270f93921c8","1","2016-02-16 12:28:28","3085","3085"
"02673fdd1aa03b9b504ada7cd219e270f93921c8","1","2016-02-16 13:14:37","33085","33085"
"02673fdd1aa03b9b504ada7cd219e270f93921c8","2","2016-02-16 17:43:38","33085","3085"
"02673fdd1aa03b9b504ada7cd219e270f93921c8","1","2016-02-16 17:43:47","3085","3085"
"02673fdd1aa03b9b504ada7cd219e270f93921c8","1","2016-02-17 11:40:04","14585","14585"
"02673fdd1aa03b9b504ada7cd219e270f93921c8","2","2016-02-17 11:58:43","14585","585"
"02673fdd1aa03b9b504ada7cd219e270f93921c8","1","2016-02-17 11:58:50","585","585"
"cf73db1604479245ab93384c7c44306725aa3ce6","2","2016-02-17 21:33:45","525914","30914"
"cf73db1604479245ab93384c7c44306725aa3ce6","1","2016-02-17 21:33:52","30914","30914"
"35a42709503ecd6f3f4eb79c821fbd7390b3f82d","1","2016-02-25 02:54:52","120000","120000"
"35a42709503ecd6f3f4eb79c821fbd7390b3f82d","2","2016-02-25 03:41:27","120000","20000"
"35a42709503ecd6f3f4eb79c821fbd7390b3f82d","1","2016-02-25 03:41:30","20000","20000"
"35a42709503ecd6f3f4eb79c821fbd7390b3f82d","1","2016-02-26 14:22:40","1547000","1547000"
"35a42709503ecd6f3f4eb79c821fbd7390b3f82d","2","2016-02-26 14:37:26","1547000","7000"
"35a42709503ecd6f3f4eb79c821fbd7390b3f82d","1","2016-02-26 14:37:30","7000","7000"
"35a42709503ecd6f3f4eb79c821fbd7390b3f82d","1","2016-02-29 07:53:28","207000","207000"
"35a42709503ecd6f3f4eb79c821fbd7390b3f82d","1","2016-02-29 19:22:07","3080000","3080000"
"35a42709503ecd6f3f4eb79c821fbd7390b3f82d","2","2016-02-29 21:18:27","3080000","0"
"35a42709503ecd6f3f4eb79c821fbd7390b3f82d","1","2016-02-29 21:18:32","0","0"
"35a42709503ecd6f3f4eb79c821fbd7390b3f82d","1","2016-02-29 22:05:38","3507000","3507000"
"35a42709503ecd6f3f4eb79c821fbd7390b3f82d","2","2016-02-29 22:15:40","3507000","0"
"35a42709503ecd6f3f4eb79c821fbd7390b3f82d","1","2016-02-29 22:15:44","0","0"
"35a42709503ecd6f3f4eb79c821fbd7390b3f82d","2","2016-02-29 23:03:21","207000","0"
"35a42709503ecd6f3f4eb79c821fbd7390b3f82d","1","2016-02-29 23:03:24","0","0"
"35a42709503ecd6f3f4eb79c821fbd7390b3f82d","1","2016-03-04 03:19:38","414000","414000"
"35a42709503ecd6f3f4eb79c821fbd7390b3f82d","1","2016-03-05 01:32:55","6574000","6574000"
"35a42709503ecd6f3f4eb79c821fbd7390b3f82d","1","2016-03-05 02:47:44","13588000","13588000"
"35a42709503ecd6f3f4eb79c821fbd7390b3f82d","2","2016-03-05 02:55:13","13588000","0"
"35a42709503ecd6f3f4eb79c821fbd7390b3f82d","1","2016-03-05 02:58:20","0","0"
"35a42709503ecd6f3f4eb79c821fbd7390b3f82d","1","2016-03-11 05:11:45","617400","617400"
"35a42709503ecd6f3f4eb79c821fbd7390b3f82d","2","2016-03-11 09:26:22","617400","0"
"35a42709503ecd6f3f4eb79c821fbd7390b3f82d","1","2016-03-11 09:26:34","0","0"
"a7d0258375b51aced1efd481111292b32c52f114","1","2016-03-14 14:14:25","15000000000","15000000000"
"a7d0258375b51aced1efd481111292b32c52f114","14","2016-03-14 14:18:50","0","0"
"02d04e0bdf84e4c6275d3288ad3ae7b212827a5f","15","2016-03-14 14:18:50","5481000","5481000"
"02d04e0bdf84e4c6275d3288ad3ae7b212827a5f","2","2016-03-14 14:30:42","5481000","345300"
"02d04e0bdf84e4c6275d3288ad3ae7b212827a5f","1","2016-03-14 14:30:44","345300","345300"
"a7d0258375b51aced1efd481111292b32c52f114","1","2016-03-16 15:28:41","5716000000","5716000000"
"a7d0258375b51aced1efd481111292b32c52f114","14","2016-03-17 00:35:45","0","0"
"02d04e0bdf84e4c6275d3288ad3ae7b212827a5f","15","2016-03-17 00:35:45","2433300","2433300"
"02d04e0bdf84e4c6275d3288ad3ae7b212827a5f","2","2016-03-17 00:41:57","2433300","98500"
"02d04e0bdf84e4c6275d3288ad3ae7b212827a5f","1","2016-03-17 00:42:00","98500","98500"
"35a42709503ecd6f3f4eb79c821fbd7390b3f82d","1","2016-03-23 00:14:16","10250","10250"
"53031796e454b7f9fa82273c9875235506cf5012","1","2016-03-25 04:25:07","59056","59056"
"35a42709503ecd6f3f4eb79c821fbd7390b3f82d","1","2016-03-26 13:19:34","56790","56790"
"35a42709503ecd6f3f4eb79c821fbd7390b3f82d","1","2016-03-27 21:45:32","69805","69805"
"fa9e1bf540e16fdb881ef4fba778d37f84e6385c","1","2016-03-27 22:32:05","10000000000","10000000000"
"fa9e1bf540e16fdb881ef4fba778d37f84e6385c","14","2016-03-27 23:00:57","50000000","50000000"
"6e459444a70ca38065792490679b0ed02ce97d90","15","2016-03-27 23:00:57","990000","990000"
"6e459444a70ca38065792490679b0ed02ce97d90","2","2016-03-27 23:05:16","990000","0"
"6e459444a70ca38065792490679b0ed02ce97d90","1","2016-03-27 23:05:23","0","0"
"35a42709503ecd6f3f4eb79c821fbd7390b3f82d","2","2016-03-29 02:28:48","69805","805"
"35a42709503ecd6f3f4eb79c821fbd7390b3f82d","1","2016-03-29 02:28:50","805","805"
"a7d0258375b51aced1efd481111292b32c52f114","1","2016-03-29 16:17:19","45550000000","45550000000"
"a7d0258375b51aced1efd481111292b32c52f114","14","2016-03-30 00:51:42","0","0"
"02d04e0bdf84e4c6275d3288ad3ae7b212827a5f","15","2016-03-30 00:51:42","15385500","15385500"
"02d04e0bdf84e4c6275d3288ad3ae7b212827a5f","2","2016-03-30 07:54:40","15385500","82900"
"02d04e0bdf84e4c6275d3288ad3ae7b212827a5f","1","2016-03-30 07:55:00","82900","82900"
"d6c81f7b3bc2736cdf9aced9f0aa1851d5840181","1","2016-03-31 18:50:10","19951119","19951119"
"d6c81f7b3bc2736cdf9aced9f0aa1851d5840181","2","2016-03-31 20:00:03","19951119","1119"
"d6c81f7b3bc2736cdf9aced9f0aa1851d5840181","1","2016-03-31 20:00:05","1119","1119"
"e1a7a2aeea2a7f3cedaae6f599fbb93375c962a9","1","2016-04-01 00:09:09","300000000000","300000000000"
"e1a7a2aeea2a7f3cedaae6f599fbb93375c962a9","14","2016-04-01 04:54:59","0","0"
"d6c81f7b3bc2736cdf9aced9f0aa1851d5840181","15","2016-04-01 04:54:59","29168119","29168119"
"d6c81f7b3bc2736cdf9aced9f0aa1851d5840181","2","2016-04-01 05:29:54","29168119","3361668"
"d6c81f7b3bc2736cdf9aced9f0aa1851d5840181","1","2016-04-01 05:30:10","3361668","3361668"
"a7d0258375b51aced1efd481111292b32c52f114","1","2016-04-02 04:35:50","5000000000","5000000000"
"a7d0258375b51aced1efd481111292b32c52f114","14","2016-04-02 04:43:43","0","0"
"02d04e0bdf84e4c6275d3288ad3ae7b212827a5f","15","2016-04-02 04:43:44","1691900","1691900"
"02d04e0bdf84e4c6275d3288ad3ae7b212827a5f","2","2016-04-02 04:54:17","1691900","127300"
"02d04e0bdf84e4c6275d3288ad3ae7b212827a5f","1","2016-04-02 04:54:22","127300","127300"
"a7d0258375b51aced1efd481111292b32c52f114","1","2016-04-04 03:21:56","35000000000","35000000000"
"a7d0258375b51aced1efd481111292b32c52f114","14","2016-04-04 03:26:14","0","0"
"02d04e0bdf84e4c6275d3288ad3ae7b212827a5f","15","2016-04-04 03:26:14","11758300","11758300"
"02d04e0bdf84e4c6275d3288ad3ae7b212827a5f","2","2016-04-04 03:28:13","11758300","190600"
"02d04e0bdf84e4c6275d3288ad3ae7b212827a5f","1","2016-04-04 03:28:16","190600","190600"
"a4438b9d95ed842ce879045b7b51d686d59c20d7","1","2016-04-04 10:37:13","10000000000","10000000000"
"a4438b9d95ed842ce879045b7b51d686d59c20d7","14","2016-04-04 12:10:41","0","0"
"d7a1ef4785e305652b4628644d28ea825b2eaaa3","15","2016-04-04 12:10:41","3357000","3357000"
"d7a1ef4785e305652b4628644d28ea825b2eaaa3","2","2016-04-04 23:56:34","3357000","2757000"
"d7a1ef4785e305652b4628644d28ea825b2eaaa3","1","2016-04-04 23:56:36","2757000","2757000"
"10f626168da4264bbde56e95782e1dc94d0efd18","1","2016-04-05 09:54:48","51000","51000"
"a7d0258375b51aced1efd481111292b32c52f114","1","2016-04-07 07:40:44","15000000000","15000000000"
"a7d0258375b51aced1efd481111292b32c52f114","14","2016-04-07 07:45:23","0","0"
"02d04e0bdf84e4c6275d3288ad3ae7b212827a5f","15","2016-04-07 07:45:23","5217600","5217600"
"02d04e0bdf84e4c6275d3288ad3ae7b212827a5f","2","2016-04-07 07:51:31","5217600","75800"
"02d04e0bdf84e4c6275d3288ad3ae7b212827a5f","1","2016-04-07 08:03:15","75800","75800"
"a7d0258375b51aced1efd481111292b32c52f114","1","2016-04-08 00:33:52","5400000000","5400000000"
"a7d0258375b51aced1efd481111292b32c52f114","14","2016-04-08 00:38:27","0","0"
"02d04e0bdf84e4c6275d3288ad3ae7b212827a5f","15","2016-04-08 00:38:27","1882800","1882800"
"02d04e0bdf84e4c6275d3288ad3ae7b212827a5f","2","2016-04-08 00:40:16","1882800","205400"
"02d04e0bdf84e4c6275d3288ad3ae7b212827a5f","1","2016-04-08 00:40:36","205400","205400"
"a7d0258375b51aced1efd481111292b32c52f114","1","2016-04-08 07:48:28","3000000000","3000000000"
"a7d0258375b51aced1efd481111292b32c52f114","14","2016-04-08 07:55:23","0","0"
"02d04e0bdf84e4c6275d3288ad3ae7b212827a5f","15","2016-04-08 07:55:23","1209400","1209400"
"02d04e0bdf84e4c6275d3288ad3ae7b212827a5f","2","2016-04-08 07:58:00","1209400","28300"
"02d04e0bdf84e4c6275d3288ad3ae7b212827a5f","1","2016-04-08 07:58:04","28300","28300"
"d6c81f7b3bc2736cdf9aced9f0aa1851d5840181","2","2016-04-10 12:50:18","3361668","105697"
"d6c81f7b3bc2736cdf9aced9f0aa1851d5840181","1","2016-04-10 12:50:24","105697","105697"
"ab2efa81ae97a068b167f8dab0e69677dcd5cfac","1","2016-04-14 17:51:36","13450000","13450000"
"e346b0f8b00221d08815a3299256091ae403da53","1","2016-04-14 20:13:30","83897","83897"
"e346b0f8b00221d08815a3299256091ae403da53","1","2016-04-15 19:58:28","96905","96905"
"e346b0f8b00221d08815a3299256091ae403da53","1","2016-04-16 21:34:38","129214","129214"
"ab2efa81ae97a068b167f8dab0e69677dcd5cfac","2","2016-04-17 05:10:58","13450000","9438700"
"ab2efa81ae97a068b167f8dab0e69677dcd5cfac","1","2016-04-17 05:11:12","9438700","9438700"
"ab2efa81ae97a068b167f8dab0e69677dcd5cfac","2","2016-04-17 05:16:59","9438700","1416200"
"ab2efa81ae97a068b167f8dab0e69677dcd5cfac","1","2016-04-17 05:17:00","1416200","1416200"
"a1c8c46eb155d9f6cb01c34d071f7f1596359d3e","1","2016-04-18 07:56:06","1802189000000","1802189000000"
"a1c8c46eb155d9f6cb01c34d071f7f1596359d3e","14","2016-04-18 09:03:09","2189000000","2189000000"
"3d155f2889326858da9505fbed9fa2dc46cbc37a","15","2016-04-18 09:03:09","4388000","4388000"
"3d155f2889326858da9505fbed9fa2dc46cbc37a","2","2016-04-18 09:03:09","4388000","0"
"3d155f2889326858da9505fbed9fa2dc46cbc37a","1","2016-04-18 09:03:11","0","0"
"ab2efa81ae97a068b167f8dab0e69677dcd5cfac","2","2016-04-20 20:46:02","1416200","0"
"ab2efa81ae97a068b167f8dab0e69677dcd5cfac","1","2016-04-20 20:46:34","0","0"
"e346b0f8b00221d08815a3299256091ae403da53","1","2016-04-21 12:55:59","139263","139263"
"ab2efa81ae97a068b167f8dab0e69677dcd5cfac","1","2016-04-21 21:07:58","8132000","8132000"
"db0032f8132a9c0542edfe0fdc95a4615f35b081","1","2016-04-22 12:34:21","3100000","3100000"
"db0032f8132a9c0542edfe0fdc95a4615f35b081","2","2016-04-22 13:06:41","3100000","100000"
"db0032f8132a9c0542edfe0fdc95a4615f35b081","1","2016-04-22 13:07:02","100000","100000"
"ab2efa81ae97a068b167f8dab0e69677dcd5cfac","2","2016-04-22 14:02:38","8132000","500"
"ab2efa81ae97a068b167f8dab0e69677dcd5cfac","1","2016-04-22 14:02:57","500","500"
"ab2efa81ae97a068b167f8dab0e69677dcd5cfac","1","2016-04-23 06:03:33","2691600","2691600"
"d7a1ef4785e305652b4628644d28ea825b2eaaa3","2","2016-04-25 01:55:48","2757000","0"
"d7a1ef4785e305652b4628644d28ea825b2eaaa3","1","2016-04-25 01:55:52","0","0"
"ab2efa81ae97a068b167f8dab0e69677dcd5cfac","2","2016-04-25 10:46:45","2691600","0"
"ab2efa81ae97a068b167f8dab0e69677dcd5cfac","1","2016-04-25 10:46:50","0","0"
"e346b0f8b00221d08815a3299256091ae403da53","2","2016-04-27 12:39:05","139263","119263"
"e346b0f8b00221d08815a3299256091ae403da53","1","2016-04-27 12:39:12","119263","119263"
"b0293318c7fb6cf4a0fc5a8d973e07abfea1b9a4","1","2016-04-27 17:06:27","12189000","12189000"
"b0293318c7fb6cf4a0fc5a8d973e07abfea1b9a4","2","2016-04-27 17:32:09","12189000","30364"
"b0293318c7fb6cf4a0fc5a8d973e07abfea1b9a4","1","2016-04-27 17:32:18","30364","30364"
"58e5c94c677e41ecb08f63ea56cdc09b38945718","1","2016-04-28 04:08:27","6159150","6159150"
"60ce73a31023c71f03c14d706666a9262891b2ac","1","2016-04-28 14:58:07","3004614000000","3004614000000"
"60ce73a31023c71f03c14d706666a9262891b2ac","14","2016-04-28 15:21:52","4614000000","4614000000"
"029317a98221f5b6bb6c7b52c8b0522feac80fa8","15","2016-04-28 15:21:52","7323000","7323000"
"318a54fd8b12337bfc48784c0280711a13429e36","1","2016-04-29 05:43:13","100000","100000"
"318a54fd8b12337bfc48784c0280711a13429e36","1","2016-04-29 05:57:36","3120000","3120000"
"318a54fd8b12337bfc48784c0280711a13429e36","2","2016-04-29 06:49:05","3120000","120000"
"318a54fd8b12337bfc48784c0280711a13429e36","1","2016-04-29 06:50:21","120000","120000"
"6c38004b06d3ff3fa71e168f975a36f3d6126677","1","2016-04-29 13:04:25","70000","70000"
"318a54fd8b12337bfc48784c0280711a13429e36","1","2016-04-29 16:07:07","3120000","3120000"
"318a54fd8b12337bfc48784c0280711a13429e36","1","2016-04-29 21:55:16","6120000","6120000"
"6c38004b06d3ff3fa71e168f975a36f3d6126677","2","2016-04-30 11:12:16","70000","0"
"6c38004b06d3ff3fa71e168f975a36f3d6126677","1","2016-04-30 11:12:26","0","0"
"6c38004b06d3ff3fa71e168f975a36f3d6126677","1","2016-04-30 12:07:50","70000","70000"
"e346b0f8b00221d08815a3299256091ae403da53","1","2016-04-30 13:11:42","133936","133936"
"7ba1814584572468991573f4ae3703369e65b9e6","1","2016-04-30 14:28:43","3040000","3040000"
"7ba1814584572468991573f4ae3703369e65b9e6","2","2016-04-30 14:54:10","3040000","40000"
"7ba1814584572468991573f4ae3703369e65b9e6","1","2016-04-30 14:54:12","40000","40000"
"6c38004b06d3ff3fa71e168f975a36f3d6126677","2","2016-04-30 17:55:00","70000","0"
"6c38004b06d3ff3fa71e168f975a36f3d6126677","1","2016-04-30 17:55:07","0","0"
"7ba1814584572468991573f4ae3703369e65b9e6","1","2016-04-30 19:48:25","3090000","3090000"
"029317a98221f5b6bb6c7b52c8b0522feac80fa8","2","2016-05-01 09:59:25","7323000","1927000"
"029317a98221f5b6bb6c7b52c8b0522feac80fa8","1","2016-05-01 10:00:34","1927000","1927000"
"6c38004b06d3ff3fa71e168f975a36f3d6126677","1","2016-05-01 11:21:11","190000","190000"
"6c38004b06d3ff3fa71e168f975a36f3d6126677","2","2016-05-01 11:24:53","190000","0"
"6c38004b06d3ff3fa71e168f975a36f3d6126677","1","2016-05-01 11:25:00","0","0"
"7ba1814584572468991573f4ae3703369e65b9e6","2","2016-05-01 20:08:37","3090000","0"
"7ba1814584572468991573f4ae3703369e65b9e6","1","2016-05-01 20:08:40","0","0"
"0fde87ff31ad484e95b925b8461feb569df5a32f","1","2016-05-02 14:15:19","9901933000000","9901933000000"
"0fde87ff31ad484e95b925b8461feb569df5a32f","14","2016-05-02 15:07:59","1933000000","1933000000"
"435b39f81590c6122d27c272d725cbf48089dd1c","15","2016-05-02 15:07:59","24104000","24104000"
"a2f8fb101b2a9e6638df933e13e979293283c099","1","2016-05-02 20:39:24","3000000","3000000"
"a2f8fb101b2a9e6638df933e13e979293283c099","2","2016-05-02 20:57:33","3000000","0"
"a2f8fb101b2a9e6638df933e13e979293283c099","1","2016-05-02 20:57:35","0","0"
"e346b0f8b00221d08815a3299256091ae403da53","1","2016-05-03 01:09:41","144131","144131"
"6c38004b06d3ff3fa71e168f975a36f3d6126677","1","2016-05-03 05:04:43","370000","370000"
"6c38004b06d3ff3fa71e168f975a36f3d6126677","2","2016-05-03 09:27:59","370000","70000"
"6c38004b06d3ff3fa71e168f975a36f3d6126677","1","2016-05-03 09:28:01","70000","70000"
"6c38004b06d3ff3fa71e168f975a36f3d6126677","2","2016-05-03 09:31:39","70000","0"
"6c38004b06d3ff3fa71e168f975a36f3d6126677","1","2016-05-03 09:31:41","0","0"
"6c38004b06d3ff3fa71e168f975a36f3d6126677","1","2016-05-03 09:52:47","470000","470000"
"6c38004b06d3ff3fa71e168f975a36f3d6126677","2","2016-05-03 11:16:58","470000","370000"
"6c38004b06d3ff3fa71e168f975a36f3d6126677","1","2016-05-03 11:17:02","370000","370000"
"6c38004b06d3ff3fa71e168f975a36f3d6126677","2","2016-05-03 11:59:01","370000","70000"
"6c38004b06d3ff3fa71e168f975a36f3d6126677","1","2016-05-03 11:59:03","70000","70000"
"6c38004b06d3ff3fa71e168f975a36f3d6126677","2","2016-05-03 16:41:59","70000","0"
"6c38004b06d3ff3fa71e168f975a36f3d6126677","1","2016-05-03 16:42:47","0","0"
"435b39f81590c6122d27c272d725cbf48089dd1c","2","2016-05-03 20:52:13","24104000","3172000"
"435b39f81590c6122d27c272d725cbf48089dd1c","1","2016-05-03 20:52:15","3172000","3172000"
"435b39f81590c6122d27c272d725cbf48089dd1c","2","2016-05-03 21:11:04","3172000","555900"
"435b39f81590c6122d27c272d725cbf48089dd1c","1","2016-05-03 21:11:07","555900","555900"
"a31645dde757482e10196717cee00cc352e1caff","1","2016-05-04 05:17:37","500000000000","500000000000"
"e346b0f8b00221d08815a3299256091ae403da53","1","2016-05-05 03:45:59","159314","159314"
"91e60ed9a1554535583d57b74c5f67bc52c330b1","1","2016-05-05 08:32:26","2450220000000","2450220000000"
"91e60ed9a1554535583d57b74c5f67bc52c330b1","14","2016-05-05 10:31:49","220000000","220000000"
"ecc33e5652712a76f5d3cdb86e9169444e8ecbaf","15","2016-05-05 10:31:49","5975000","5975000"
"ecc33e5652712a76f5d3cdb86e9169444e8ecbaf","2","2016-05-06 11:13:01","5975000","0"
"ecc33e5652712a76f5d3cdb86e9169444e8ecbaf","1","2016-05-06 11:13:03","0","0"
"a31645dde757482e10196717cee00cc352e1caff","14","2016-05-06 17:03:00","0","0"
"1a5f02a0c7048da2eb67b03fe02aefd0074469f4","15","2016-05-06 17:03:00","1250000","1250000"
"1a5f02a0c7048da2eb67b03fe02aefd0074469f4","2","2016-05-06 17:03:00","1250000","0"
"1a5f02a0c7048da2eb67b03fe02aefd0074469f4","1","2016-05-06 17:03:05","0","0"
"99001c0d4cfcedda839890c7004790587b791615","1","2016-05-07 14:52:49","12294644","12294644"
"ff3c55032cc95298003963d665601a819daa144b","1","2016-05-07 15:38:19","5006267000000","5006267000000"
"9648cc1802c799fc8500976664fffdbf6abea919","1","2016-05-08 07:15:46","130495","130495"
"99001c0d4cfcedda839890c7004790587b791615","1","2016-05-08 08:58:07","14042784","14042784"
"99001c0d4cfcedda839890c7004790587b791615","2","2016-05-08 09:52:32","14042784","912784"
"99001c0d4cfcedda839890c7004790587b791615","1","2016-05-08 09:52:36","912784","912784"
"99001c0d4cfcedda839890c7004790587b791615","1","2016-05-08 12:23:32","2661470","2661470"
"fb7b5dd2f8007ae43a4d9a6305ec2011a35a805e","1","2016-05-08 22:00:11","12415300","12415300"
"d7ea3e5024a872c357de2ca359d9a5f0e9be6c8e","1","2016-05-09 11:30:17","1000000","1000000"
"99001c0d4cfcedda839890c7004790587b791615","2","2016-05-09 16:09:55","2661470","950813"
"99001c0d4cfcedda839890c7004790587b791615","1","2016-05-09 16:09:57","950813","950813"
"99001c0d4cfcedda839890c7004790587b791615","2","2016-05-09 16:29:12","950813","755454"
"99001c0d4cfcedda839890c7004790587b791615","1","2016-05-09 16:29:14","755454","755454"
"fb7b5dd2f8007ae43a4d9a6305ec2011a35a805e","2","2016-05-11 17:48:45","12415300","9812900"
"fb7b5dd2f8007ae43a4d9a6305ec2011a35a805e","1","2016-05-11 17:48:46","9812900","9812900"
"fb7b5dd2f8007ae43a4d9a6305ec2011a35a805e","2","2016-05-11 19:21:35","9812900","3306400"
"fb7b5dd2f8007ae43a4d9a6305ec2011a35a805e","1","2016-05-11 19:21:37","3306400","3306400"
"fb7b5dd2f8007ae43a4d9a6305ec2011a35a805e","2","2016-05-11 19:30:41","3306400","703800"
"fb7b5dd2f8007ae43a4d9a6305ec2011a35a805e","1","2016-05-11 19:30:43","703800","703800"
"09344987b866041646d2a4ab249b5350fcdfde2c","1","2016-05-12 04:59:55","5000000000000","5000000000000"
"09344987b866041646d2a4ab249b5350fcdfde2c","14","2016-05-12 05:02:18","0","0"
"6c38004b06d3ff3fa71e168f975a36f3d6126677","15","2016-05-12 05:02:18","462000","462000"
"6c38004b06d3ff3fa71e168f975a36f3d6126677","2","2016-05-12 05:04:53","462000","62000"
"6c38004b06d3ff3fa71e168f975a36f3d6126677","1","2016-05-12 05:04:54","62000","62000"
"6c38004b06d3ff3fa71e168f975a36f3d6126677","2","2016-05-12 05:39:17","62000","0"
"6c38004b06d3ff3fa71e168f975a36f3d6126677","1","2016-05-12 05:39:19","0","0"
"e346b0f8b00221d08815a3299256091ae403da53","2","2016-05-12 21:18:53","159314","109314"
"e346b0f8b00221d08815a3299256091ae403da53","1","2016-05-12 21:18:55","109314","109314"
"09344987b866041646d2a4ab249b5350fcdfde2c","1","2016-05-13 10:53:18","5000000000000","5000000000000"
"09344987b866041646d2a4ab249b5350fcdfde2c","14","2016-05-13 11:23:33","0","0"
"6c38004b06d3ff3fa71e168f975a36f3d6126677","15","2016-05-13 11:23:34","463000","463000"
"6c38004b06d3ff3fa71e168f975a36f3d6126677","2","2016-05-13 11:24:45","463000","303000"
"6c38004b06d3ff3fa71e168f975a36f3d6126677","1","2016-05-13 11:24:48","303000","303000"
"6c38004b06d3ff3fa71e168f975a36f3d6126677","2","2016-05-13 14:25:04","303000","203000"
"6c38004b06d3ff3fa71e168f975a36f3d6126677","1","2016-05-13 14:25:07","203000","203000"
"6c38004b06d3ff3fa71e168f975a36f3d6126677","2","2016-05-13 17:03:41","203000","0"
"6c38004b06d3ff3fa71e168f975a36f3d6126677","1","2016-05-13 17:03:43","0","0"
"6c38004b06d3ff3fa71e168f975a36f3d6126677","1","2016-05-16 15:57:14","720000","720000"
"6c38004b06d3ff3fa71e168f975a36f3d6126677","2","2016-05-16 16:35:54","720000","120000"
"6c38004b06d3ff3fa71e168f975a36f3d6126677","1","2016-05-16 16:35:55","120000","120000"
"ab2efa81ae97a068b167f8dab0e69677dcd5cfac","1","2016-05-16 19:08:16","21775300","21775300"
"6c38004b06d3ff3fa71e168f975a36f3d6126677","2","2016-05-17 08:52:10","120000","0"
"6c38004b06d3ff3fa71e168f975a36f3d6126677","1","2016-05-17 08:52:14","0","0"
"6051335317fcede28898964ae4a1aa080dbf6ca8","1","2016-05-20 04:25:19","1270000","1270000"
"6051335317fcede28898964ae4a1aa080dbf6ca8","2","2016-05-20 04:32:32","1270000","0"
"6051335317fcede28898964ae4a1aa080dbf6ca8","1","2016-05-20 04:32:34","0","0"
"09344987b866041646d2a4ab249b5350fcdfde2c","1","2016-05-21 01:58:22","5000000000000","5000000000000"
"09344987b866041646d2a4ab249b5350fcdfde2c","14","2016-05-21 02:05:33","0","0"
"6c38004b06d3ff3fa71e168f975a36f3d6126677","15","2016-05-21 02:05:33","462000","462000"
"6c38004b06d3ff3fa71e168f975a36f3d6126677","2","2016-05-21 02:07:47","462000","2000"
"6c38004b06d3ff3fa71e168f975a36f3d6126677","1","2016-05-21 02:07:49","2000","2000"
"ab2efa81ae97a068b167f8dab0e69677dcd5cfac","2","2016-05-21 22:05:05","21775300","18775300"
"ab2efa81ae97a068b167f8dab0e69677dcd5cfac","1","2016-05-21 22:05:07","18775300","18775300"
"0f8dde8323c80e50727f2c5e34fc5e62b29411ad","1","2016-05-22 00:04:13","1200000","1200000"
"09344987b866041646d2a4ab249b5350fcdfde2c","1","2016-05-24 01:34:21","10000000000000","10000000000000"
"09344987b866041646d2a4ab249b5350fcdfde2c","14","2016-05-24 01:40:07","0","0"
"6c38004b06d3ff3fa71e168f975a36f3d6126677","15","2016-05-24 01:40:07","802000","802000"
"6c38004b06d3ff3fa71e168f975a36f3d6126677","2","2016-05-24 01:42:07","802000","2000"
"6c38004b06d3ff3fa71e168f975a36f3d6126677","1","2016-05-24 01:42:09","2000","2000"
"6c38004b06d3ff3fa71e168f975a36f3d6126677","1","2016-05-24 12:00:01","872000","872000"
"6c38004b06d3ff3fa71e168f975a36f3d6126677","14","2016-05-24 12:07:26","2000","2000"
"09344987b866041646d2a4ab249b5350fcdfde2c","15","2016-05-24 12:07:26","10360000000000","10360000000000"
"09344987b866041646d2a4ab249b5350fcdfde2c","14","2016-05-24 12:23:12","0","0"
"6c38004b06d3ff3fa71e168f975a36f3d6126677","15","2016-05-24 12:23:12","850000","850000"
"6c38004b06d3ff3fa71e168f975a36f3d6126677","2","2016-05-25 01:35:44","850000","0"
"6c38004b06d3ff3fa71e168f975a36f3d6126677","1","2016-05-25 01:35:46","0","0"
"0f8dde8323c80e50727f2c5e34fc5e62b29411ad","2","2016-05-25 22:42:06","1200000","100000"
"0f8dde8323c80e50727f2c5e34fc5e62b29411ad","1","2016-05-25 22:42:07","100000","100000"
"e1e40720a2d42208bdf24fba163974ad46b4a9b0","1","2016-05-27 18:28:54","200000","200000"
"e1e40720a2d42208bdf24fba163974ad46b4a9b0","2","2016-05-27 19:07:29","200000","0"
"e1e40720a2d42208bdf24fba163974ad46b4a9b0","1","2016-05-27 19:07:31","0","0"
"846f4ecb14f43ab8a72d0b86a53866f0ccb8d6f0","1","2016-05-27 19:35:53","213000","213000"
"846f4ecb14f43ab8a72d0b86a53866f0ccb8d6f0","1","2016-05-27 20:01:53","233000","233000"
"846f4ecb14f43ab8a72d0b86a53866f0ccb8d6f0","1","2016-05-27 20:13:53","333000","333000"
"846f4ecb14f43ab8a72d0b86a53866f0ccb8d6f0","2","2016-05-27 20:21:07","333000","133000"
"846f4ecb14f43ab8a72d0b86a53866f0ccb8d6f0","1","2016-05-27 20:21:08","133000","133000"
"846f4ecb14f43ab8a72d0b86a53866f0ccb8d6f0","2","2016-05-27 20:29:08","133000","44"
"846f4ecb14f43ab8a72d0b86a53866f0ccb8d6f0","1","2016-05-27 20:29:10","44","44"
"e1e40720a2d42208bdf24fba163974ad46b4a9b0","1","2016-05-28 03:45:53","200000","200000"
"ab2efa81ae97a068b167f8dab0e69677dcd5cfac","2","2016-05-29 03:49:41","18775300","13606300"
"ab2efa81ae97a068b167f8dab0e69677dcd5cfac","1","2016-05-29 03:49:43","13606300","13606300"
"318a54fd8b12337bfc48784c0280711a13429e36","2","2016-05-29 10:08:20","6120000","1120000"
"318a54fd8b12337bfc48784c0280711a13429e36","1","2016-05-29 10:08:55","1120000","1120000"
"ab2efa81ae97a068b167f8dab0e69677dcd5cfac","2","2016-05-30 05:23:51","13606300","6300"
"ab2efa81ae97a068b167f8dab0e69677dcd5cfac","1","2016-05-30 05:23:57","6300","6300"
"e346b0f8b00221d08815a3299256091ae403da53","1","2016-05-30 18:05:42","125314","125314"
"09344987b866041646d2a4ab249b5350fcdfde2c","1","2016-05-31 09:45:01","10000000000000","10000000000000"
"09344987b866041646d2a4ab249b5350fcdfde2c","14","2016-05-31 09:48:30","252500000000","252500000000"
"6c38004b06d3ff3fa71e168f975a36f3d6126677","15","2016-05-31 09:48:30","740000","740000"
"6c38004b06d3ff3fa71e168f975a36f3d6126677","2","2016-05-31 09:50:28","740000","500000"
"6c38004b06d3ff3fa71e168f975a36f3d6126677","1","2016-05-31 09:50:30","500000","500000"
"6c38004b06d3ff3fa71e168f975a36f3d6126677","2","2016-05-31 11:35:07","500000","0"
"6c38004b06d3ff3fa71e168f975a36f3d6126677","1","2016-05-31 11:35:09","0","0"
"52e9a0ef010ca6f5625bb9a42aeb203e68454909","1","2016-05-31 15:54:40","4504973","4504973"
"33d3ee8dcedfba27a5b178b1c8bfc0525d661f60","1","2016-06-02 05:07:36","3001300000000","3001300000000"
"33d3ee8dcedfba27a5b178b1c8bfc0525d661f60","14","2016-06-02 12:05:17","1300000000","1300000000"
"2316778f271d330f8a2a9fcd3d1a0d732fd7c540","15","2016-06-02 12:05:18","5976000","5976000"
"2316778f271d330f8a2a9fcd3d1a0d732fd7c540","2","2016-06-02 12:39:49","5976000","0"
"2316778f271d330f8a2a9fcd3d1a0d732fd7c540","1","2016-06-02 12:39:51","0","0"
"e1e40720a2d42208bdf24fba163974ad46b4a9b0","1","2016-06-02 21:47:39","400000","400000"
"e1e40720a2d42208bdf24fba163974ad46b4a9b0","2","2016-06-02 21:50:59","400000","100000"
"e1e40720a2d42208bdf24fba163974ad46b4a9b0","1","2016-06-02 21:51:03","100000","100000"
"3b9da6af842ceb6b92c13f193714bbf797aada51","1","2016-06-03 12:42:13","2000000","2000000"
"3b9da6af842ceb6b92c13f193714bbf797aada51","2","2016-06-03 13:20:30","2000000","998000"
"3b9da6af842ceb6b92c13f193714bbf797aada51","1","2016-06-03 13:20:33","998000","998000"
"09344987b866041646d2a4ab249b5350fcdfde2c","1","2016-06-04 01:48:30","5252500000000","5252500000000"
"09344987b866041646d2a4ab249b5350fcdfde2c","14","2016-06-04 01:51:15","0","0"
"6c38004b06d3ff3fa71e168f975a36f3d6126677","15","2016-06-04 01:51:15","364000","364000"
"6c38004b06d3ff3fa71e168f975a36f3d6126677","2","2016-06-04 01:53:52","364000","204000"
"6c38004b06d3ff3fa71e168f975a36f3d6126677","1","2016-06-04 01:53:55","204000","204000"
"6c38004b06d3ff3fa71e168f975a36f3d6126677","2","2016-06-04 04:43:17","204000","0"
"6c38004b06d3ff3fa71e168f975a36f3d6126677","1","2016-06-04 04:43:19","0","0"
"9ad5ab53fef46cbe33a87237fbe7ddc007b28688","1","2016-06-04 09:11:20","200000000000","200000000000"
"9ad5ab53fef46cbe33a87237fbe7ddc007b28688","1","2016-06-04 09:11:21","350000000000","350000000000"
"9ad5ab53fef46cbe33a87237fbe7ddc007b28688","1","2016-06-04 09:11:21","450000000000","450000000000"
"52e9a0ef010ca6f5625bb9a42aeb203e68454909","2","2016-06-04 09:44:28","4504973","658816"
"52e9a0ef010ca6f5625bb9a42aeb203e68454909","1","2016-06-04 09:44:30","658816","658816"
"52e9a0ef010ca6f5625bb9a42aeb203e68454909","2","2016-06-04 09:45:50","658816","274201"
"52e9a0ef010ca6f5625bb9a42aeb203e68454909","1","2016-06-04 09:45:52","274201","274201"
"9ad5ab53fef46cbe33a87237fbe7ddc007b28688","14","2016-06-04 10:01:21","0","0"
"3b9da6af842ceb6b92c13f193714bbf797aada51","15","2016-06-04 10:01:21","28998000","28998000"
"3b9da6af842ceb6b92c13f193714bbf797aada51","2","2016-06-04 10:08:09","28998000","26998000"
"3b9da6af842ceb6b92c13f193714bbf797aada51","1","2016-06-04 10:08:12","26998000","26998000"
"09344987b866041646d2a4ab249b5350fcdfde2c","1","2016-06-05 06:21:16","5000000000000","5000000000000"
"09344987b866041646d2a4ab249b5350fcdfde2c","14","2016-06-05 06:22:58","0","0"
"6c38004b06d3ff3fa71e168f975a36f3d6126677","15","2016-06-05 06:22:59","292000","292000"
"6c38004b06d3ff3fa71e168f975a36f3d6126677","2","2016-06-05 06:25:16","292000","0"
"6c38004b06d3ff3fa71e168f975a36f3d6126677","1","2016-06-05 06:25:19","0","0"
"6c38004b06d3ff3fa71e168f975a36f3d6126677","1","2016-06-05 08:01:09","70000","70000"
"6c38004b06d3ff3fa71e168f975a36f3d6126677","2","2016-06-05 08:18:01","70000","0"
"6c38004b06d3ff3fa71e168f975a36f3d6126677","1","2016-06-05 08:18:04","0","0"
"09344987b866041646d2a4ab249b5350fcdfde2c","1","2016-06-06 01:50:23","10000000000000","10000000000000"
"09344987b866041646d2a4ab249b5350fcdfde2c","14","2016-06-06 01:52:37","0","0"
"6c38004b06d3ff3fa71e168f975a36f3d6126677","15","2016-06-06 01:52:38","682000","682000"
"6c38004b06d3ff3fa71e168f975a36f3d6126677","2","2016-06-06 01:55:27","682000","0"
"6c38004b06d3ff3fa71e168f975a36f3d6126677","1","2016-06-06 01:55:29","0","0"
"9ad5ab53fef46cbe33a87237fbe7ddc007b28688","1","2016-06-06 17:45:51","50000000000","50000000000"
"6051335317fcede28898964ae4a1aa080dbf6ca8","1","2016-06-07 00:45:12","15782","15782"
"3b9da6af842ceb6b92c13f193714bbf797aada51","2","2016-06-07 12:55:00","26998000","22713000"
"3b9da6af842ceb6b92c13f193714bbf797aada51","1","2016-06-07 12:55:03","22713000","22713000"
"9ad5ab53fef46cbe33a87237fbe7ddc007b28688","14","2016-06-07 16:14:16","0","0"
"3b9da6af842ceb6b92c13f193714bbf797aada51","15","2016-06-07 16:14:16","26396000","26396000"
"6051335317fcede28898964ae4a1aa080dbf6ca8","1","2016-06-08 05:20:24","858464","858464"
"6051335317fcede28898964ae4a1aa080dbf6ca8","2","2016-06-08 05:31:58","858464","464"
"6051335317fcede28898964ae4a1aa080dbf6ca8","1","2016-06-08 05:32:00","464","464"
"82b182c5a7595ed3eed94f44cee73a48d8b463a9","1","2016-06-08 10:44:23","8635485","8635485"
"3b9da6af842ceb6b92c13f193714bbf797aada51","2","2016-06-08 21:44:08","26396000","21662000"
"3b9da6af842ceb6b92c13f193714bbf797aada51","1","2016-06-08 21:44:10","21662000","21662000"
"bf47931a2e6907879c5be62998e3ec7762971f23","1","2016-06-09 11:51:40","20000000000","20000000000"
"bf47931a2e6907879c5be62998e3ec7762971f23","14","2016-06-09 12:45:07","0","0"
"0f420ac5201d72b13ca42ddcb3a1bef4563eef8b","15","2016-06-09 12:45:07","1467000","1467000"
"0f420ac5201d72b13ca42ddcb3a1bef4563eef8b","2","2016-06-09 12:48:48","1467000","0"
"0f420ac5201d72b13ca42ddcb3a1bef4563eef8b","1","2016-06-09 12:48:50","0","0"
"e71c2e009e5841251c9f72a23c0f81c25645e143","1","2016-06-09 13:25:36","4003197000000","4003197000000"
"e71c2e009e5841251c9f72a23c0f81c25645e143","14","2016-06-09 13:39:41","3197000000","3197000000"
"d16b0258ed44585d05552ee9751154f3e7dc98a7","15","2016-06-09 13:39:41","8762000","8762000"
"ff3c55032cc95298003963d665601a819daa144b","1","2016-06-09 15:31:06","0","0"
"d16b0258ed44585d05552ee9751154f3e7dc98a7","2","2016-06-10 04:06:59","8762000","0"
"d16b0258ed44585d05552ee9751154f3e7dc98a7","1","2016-06-10 04:07:01","0","0"
"09344987b866041646d2a4ab249b5350fcdfde2c","1","2016-06-10 12:54:53","5000000000000","5000000000000"
"09344987b866041646d2a4ab249b5350fcdfde2c","14","2016-06-10 12:56:56","0","0"
"6c38004b06d3ff3fa71e168f975a36f3d6126677","15","2016-06-10 12:56:56","398000","398000"
"6c38004b06d3ff3fa71e168f975a36f3d6126677","2","2016-06-10 13:04:22","398000","98000"
"6c38004b06d3ff3fa71e168f975a36f3d6126677","1","2016-06-10 13:04:26","98000","98000"
"6051335317fcede28898964ae4a1aa080dbf6ca8","1","2016-06-11 07:47:01","260864","260864"
"6c38004b06d3ff3fa71e168f975a36f3d6126677","2","2016-06-11 10:20:40","98000","0"
"6c38004b06d3ff3fa71e168f975a36f3d6126677","1","2016-06-11 10:20:42","0","0"
"09344987b866041646d2a4ab249b5350fcdfde2c","1","2016-06-11 12:23:35","5000000000000","5000000000000"
"09344987b866041646d2a4ab249b5350fcdfde2c","14","2016-06-11 12:24:33","0","0"
"6c38004b06d3ff3fa71e168f975a36f3d6126677","15","2016-06-11 12:24:33","475000","475000"
"6c38004b06d3ff3fa71e168f975a36f3d6126677","2","2016-06-11 12:25:29","475000","0"
"6c38004b06d3ff3fa71e168f975a36f3d6126677","1","2016-06-11 12:25:33","0","0"
"6c38004b06d3ff3fa71e168f975a36f3d6126677","1","2016-06-11 14:04:42","20000","20000"
"6c38004b06d3ff3fa71e168f975a36f3d6126677","1","2016-06-11 14:09:42","54300","54300"
"6c38004b06d3ff3fa71e168f975a36f3d6126677","1","2016-06-11 14:09:43","424300","424300"
"a72d76b8f1c36228ad0828c7373f66618b5928c1","1","2016-06-11 14:29:04","30000000000","30000000000"
"a72d76b8f1c36228ad0828c7373f66618b5928c1","14","2016-06-11 14:32:18","0","0"
"905d3e57dfbaad8fa22618dba234d94cf57d600e","15","2016-06-11 14:32:19","3470000","3470000"
"6c38004b06d3ff3fa71e168f975a36f3d6126677","2","2016-06-11 15:22:33","424300","3100"
"6c38004b06d3ff3fa71e168f975a36f3d6126677","1","2016-06-11 15:22:39","3100","3100"
"e71c2e009e5841251c9f72a23c0f81c25645e143","1","2016-06-11 16:04:56","10006394000000","10006394000000"
"e71c2e009e5841251c9f72a23c0f81c25645e143","14","2016-06-11 20:39:49","6394000000","6394000000"
"d16b0258ed44585d05552ee9751154f3e7dc98a7","15","2016-06-11 20:39:49","24500000","24500000"
"d16b0258ed44585d05552ee9751154f3e7dc98a7","2","2016-06-11 20:57:20","24500000","0"
"d16b0258ed44585d05552ee9751154f3e7dc98a7","1","2016-06-11 20:57:22","0","0"
"3b9da6af842ceb6b92c13f193714bbf797aada51","2","2016-06-12 19:49:03","21662000","1941680"
"3b9da6af842ceb6b92c13f193714bbf797aada51","1","2016-06-12 19:49:07","1941680","1941680"
"d16b0258ed44585d05552ee9751154f3e7dc98a7","1","2016-06-12 21:03:39","18500000","18500000"
"650ba026a0feb78ccd6596a7ac0bf5cb74dabc6a","1","2016-06-14 18:55:40","18000","18000"
"6051335317fcede28898964ae4a1aa080dbf6ca8","1","2016-06-14 23:26:49","283493","283493"
"d16b0258ed44585d05552ee9751154f3e7dc98a7","2","2016-06-15 12:19:23","18500000","0"
"d16b0258ed44585d05552ee9751154f3e7dc98a7","1","2016-06-15 12:19:25","0","0"
"f0e37399db0fda8c8f090cedc2b2d95be7b8989f","1","2016-06-16 16:05:20","8280","8280"
"ab2efa81ae97a068b167f8dab0e69677dcd5cfac","1","2016-06-19 17:54:45","13404540","13404540"
"3b9da6af842ceb6b92c13f193714bbf797aada51","1","2016-06-20 00:39:48","8509914","8509914"
"82b182c5a7595ed3eed94f44cee73a48d8b463a9","2","2016-06-21 09:24:11","8635485","485"
"82b182c5a7595ed3eed94f44cee73a48d8b463a9","1","2016-06-21 09:24:14","485","485"
"ab2efa81ae97a068b167f8dab0e69677dcd5cfac","2","2016-06-21 09:53:55","13404540","4540"
"ab2efa81ae97a068b167f8dab0e69677dcd5cfac","1","2016-06-21 09:53:57","4540","4540"
"d16b0258ed44585d05552ee9751154f3e7dc98a7","1","2016-06-22 01:00:23","1187905","1187905"
"d16b0258ed44585d05552ee9751154f3e7dc98a7","2","2016-06-22 13:17:30","1187905","187905"
"d16b0258ed44585d05552ee9751154f3e7dc98a7","1","2016-06-22 13:17:33","187905","187905"
"e71c2e009e5841251c9f72a23c0f81c25645e143","1","2016-06-25 07:11:24","6009591000000","6009591000000"
"e71c2e009e5841251c9f72a23c0f81c25645e143","14","2016-06-25 07:26:59","91000000","91000000"
"d16b0258ed44585d05552ee9751154f3e7dc98a7","15","2016-06-25 07:26:59","13802905","13802905"
"d16b0258ed44585d05552ee9751154f3e7dc98a7","2","2016-06-25 07:37:11","13802905","905"
"d16b0258ed44585d05552ee9751154f3e7dc98a7","1","2016-06-25 07:37:50","905","905"
"e71c2e009e5841251c9f72a23c0f81c25645e143","1","2016-06-30 09:47:39","6003288000000","6003288000000"
"e71c2e009e5841251c9f72a23c0f81c25645e143","14","2016-06-30 09:53:35","88000000","88000000"
"d16b0258ed44585d05552ee9751154f3e7dc98a7","15","2016-06-30 09:53:35","13493905","13493905"
"d16b0258ed44585d05552ee9751154f3e7dc98a7","2","2016-07-02 08:34:04","13493905","905"
"d16b0258ed44585d05552ee9751154f3e7dc98a7","1","2016-07-02 08:34:07","905","905"
"eb209c88b32bcfb4337426b3e4e44ffea17d8a5c","1","2016-07-03 10:03:50","3209758000000","3209758000000"
"e71c2e009e5841251c9f72a23c0f81c25645e143","1","2016-07-03 10:03:52","7003285000000","7003285000000"
"eb209c88b32bcfb4337426b3e4e44ffea17d8a5c","14","2016-07-03 13:02:10","9758000000","9758000000"
"498ba1da556cca607b354a92c7fcce98e70b814c","15","2016-07-03 13:02:10","6310000","6310000"
"e71c2e009e5841251c9f72a23c0f81c25645e143","14","2016-07-03 16:22:30","85000000","85000000"
"d16b0258ed44585d05552ee9751154f3e7dc98a7","15","2016-07-03 16:22:30","13795905","13795905"
"3b9da6af842ceb6b92c13f193714bbf797aada51","2","2016-07-03 20:06:44","8509914","7999914"
"3b9da6af842ceb6b92c13f193714bbf797aada51","1","2016-07-03 20:06:45","7999914","7999914"
"d16b0258ed44585d05552ee9751154f3e7dc98a7","2","2016-07-04 12:29:03","13795905","905"
"d16b0258ed44585d05552ee9751154f3e7dc98a7","1","2016-07-04 12:29:04","905","905"
"498ba1da556cca607b354a92c7fcce98e70b814c","2","2016-07-06 06:06:49","6310000","10000"
"498ba1da556cca607b354a92c7fcce98e70b814c","1","2016-07-06 06:06:50","10000","10000"
"e71c2e009e5841251c9f72a23c0f81c25645e143","1","2016-07-11 02:53:47","30003282000000","30003282000000"
"6051335317fcede28898964ae4a1aa080dbf6ca8","1","2016-07-11 21:09:36","300848","300848"
"e71c2e009e5841251c9f72a23c0f81c25645e143","14","2016-07-12 03:51:42","82000000","82000000"
"d16b0258ed44585d05552ee9751154f3e7dc98a7","15","2016-07-12 03:51:42","58809905","58809905"
"d16b0258ed44585d05552ee9751154f3e7dc98a7","2","2016-07-12 03:54:34","58809905","9905"
"d16b0258ed44585d05552ee9751154f3e7dc98a7","1","2016-07-12 03:54:36","9905","9905"
"58eae9154714afc356666ddd945f38e282c77b09","1","2016-07-13 13:57:11","20045800","20045800"
"58eae9154714afc356666ddd945f38e282c77b09","1","2016-07-13 22:34:34","22045800","22045800"
"58eae9154714afc356666ddd945f38e282c77b09","2","2016-07-14 07:16:54","22045800","2072963"
"58eae9154714afc356666ddd945f38e282c77b09","1","2016-07-14 07:16:58","2072963","2072963"
"58eae9154714afc356666ddd945f38e282c77b09","1","2016-07-14 20:18:32","3061320","3061320"
"58eae9154714afc356666ddd945f38e282c77b09","1","2016-07-14 23:34:35","7061320","7061320"
"58eae9154714afc356666ddd945f38e282c77b09","2","2016-07-16 06:36:12","7061320","0"
"58eae9154714afc356666ddd945f38e282c77b09","1","2016-07-16 06:37:10","0","0"
"10f626168da4264bbde56e95782e1dc94d0efd18","2","2016-07-16 08:47:47","51000","0"
"10f626168da4264bbde56e95782e1dc94d0efd18","1","2016-07-16 08:47:49","0","0"
"650ba026a0feb78ccd6596a7ac0bf5cb74dabc6a","1","2016-07-20 19:27:14","25485","25485"
"33d3ee8dcedfba27a5b178b1c8bfc0525d661f60","1","2016-07-21 14:14:38","5002600000000","5002600000000"
"33d3ee8dcedfba27a5b178b1c8bfc0525d661f60","14","2016-07-21 17:15:16","2600000000","2600000000"
"2316778f271d330f8a2a9fcd3d1a0d732fd7c540","15","2016-07-21 17:15:16","8730000","8730000"
"650ba026a0feb78ccd6596a7ac0bf5cb74dabc6a","1","2016-07-23 18:10:49","32475","32475"
"2316778f271d330f8a2a9fcd3d1a0d732fd7c540","2","2016-07-24 17:48:11","8730000","0"
"2316778f271d330f8a2a9fcd3d1a0d732fd7c540","1","2016-07-24 17:48:13","0","0"
"6051335317fcede28898964ae4a1aa080dbf6ca8","1","2016-07-25 20:41:19","316257","316257"
"650ba026a0feb78ccd6596a7ac0bf5cb74dabc6a","2","2016-07-26 22:54:32","32475","0"
"650ba026a0feb78ccd6596a7ac0bf5cb74dabc6a","1","2016-07-26 22:54:34","0","0"
"3b9da6af842ceb6b92c13f193714bbf797aada51","14","2016-07-27 17:10:40","0","0"
"9ad5ab53fef46cbe33a87237fbe7ddc007b28688","15","2016-07-27 17:10:40","125423000000","125423000000"
"48c443ca339b803fb6b8d0efa24e7b5e0e1a2717","1","2016-08-16 08:39:29","1000000000","1000000000"
"48c443ca339b803fb6b8d0efa24e7b5e0e1a2717","14","2016-08-16 09:01:52","0","0"
"3927d67caa82cc894747c33e57e2d32c1cd02a12","15","2016-08-16 09:01:52","181000","181000"
"58e5c94c677e41ecb08f63ea56cdc09b38945718","14","2016-09-08 18:18:22","150","150"
"ddc17c31fb61e7ff3adb21969b9ab09ba2a43c54","15","2016-09-08 18:18:22","9054000000","9054000000"
"fb7b5dd2f8007ae43a4d9a6305ec2011a35a805e","14","2016-09-09 14:37:41","26800","26800"
"9da791d61b2dd47bd7c117aa7d7e7b8307069f3c","15","2016-09-09 14:37:42","350000000000","350000000000"
"ddc17c31fb61e7ff3adb21969b9ab09ba2a43c54","14","2016-09-10 00:11:09","0","0"
"58e5c94c677e41ecb08f63ea56cdc09b38945718","15","2016-09-10 00:11:09","5428150","5428150"
"9da791d61b2dd47bd7c117aa7d7e7b8307069f3c","14","2016-10-25 10:12:29","0","0"
"fb7b5dd2f8007ae43a4d9a6305ec2011a35a805e","15","2016-10-25 10:12:30","338800","338800"
"bf47931a2e6907879c5be62998e3ec7762971f23","1","2016-10-26 06:00:41","20000000000","20000000000"
"bf47931a2e6907879c5be62998e3ec7762971f23","14","2016-10-26 06:07:08","0","0"
"0f420ac5201d72b13ca42ddcb3a1bef4563eef8b","15","2016-10-26 06:07:08","489000","489000"
"bf47931a2e6907879c5be62998e3ec7762971f23","1","2016-11-06 09:39:47","30000000000","30000000000"
"bf47931a2e6907879c5be62998e3ec7762971f23","14","2016-11-06 09:48:03","0","0"
"0f420ac5201d72b13ca42ddcb3a1bef4563eef8b","15","2016-11-06 09:48:03","1227000","1227000"
"33dcf7070486b72a431156f02e709872ba45a49e","1","2016-11-06 11:14:15","200000000","200000000"
"33dcf7070486b72a431156f02e709872ba45a49e","14","2016-11-06 11:16:39","0","0"
"ac39f35ebe65f71b108a5111fc6711a1a0ecb987","15","2016-11-06 11:16:39","16000","16000"
"33dcf7070486b72a431156f02e709872ba45a49e","1","2016-11-07 06:44:37","500000000","500000000"
"33dcf7070486b72a431156f02e709872ba45a49e","14","2016-11-07 06:53:54","0","0"
"ac39f35ebe65f71b108a5111fc6711a1a0ecb987","15","2016-11-07 06:53:54","55000","55000"
"ac39f35ebe65f71b108a5111fc6711a1a0ecb987","14","2016-11-08 15:51:57","0","0"
"33dcf7070486b72a431156f02e709872ba45a49e","15","2016-11-08 15:51:58","652000000","652000000"
"33dcf7070486b72a431156f02e709872ba45a49e","14","2016-11-08 15:52:25","0","0"
"ac39f35ebe65f71b108a5111fc6711a1a0ecb987","15","2016-11-08 15:52:26","53000","53000"
"5821edce4a07af68c6a21f848ba39660e339a798","1","2016-11-09 08:53:56","100000000000","100000000000"
"5821edce4a07af68c6a21f848ba39660e339a798","4","2016-11-09 08:57:30","100000000000","0"
"5821edce4a07af68c6a21f848ba39660e339a798","5","2016-11-12 00:08:23","100000000000","100000000000"
"5821edce4a07af68c6a21f848ba39660e339a798","14","2016-11-12 00:09:23","0","0"
"5c93d7bf2061e89e24d4cc96a181c6a6ab43a475","15","2016-11-12 00:09:23","7720000","7720000"
"aed2d5c991552e7ba6715e0a2dfc0859ebe86da2","1","2016-11-12 21:48:32","50000000000","50000000000"
"aed2d5c991552e7ba6715e0a2dfc0859ebe86da2","14","2016-11-20 17:33:54","0","0"
"cc6706177a9adbce7097f0acf2c13ac0e0348c4a","15","2016-11-20 17:33:54","1310000","1310000"
"97c4efd715fd5556bd3b81eafb9326e00296759a","1","2016-11-20 21:52:37","1000000000","1000000000"
"97c4efd715fd5556bd3b81eafb9326e00296759a","4","2016-11-21 10:12:33","1000000000","999500000"
"97c4efd715fd5556bd3b81eafb9326e00296759a","14","2016-11-22 05:39:30","1000000","500000"
"5d1921727b803b82a9db92b2f347f3281d9006ae","15","2016-11-22 05:39:30","26000","26000"
"6f3322092c7fe7136458dc1e1708d38ea2a0e2c3","1","2016-11-26 08:23:18","100000000000","100000000000"
"18d3e517874b8e4785a1a9b5b530f01faa164017","2","2016-11-26 17:46:27","2888974","0"
"18d3e517874b8e4785a1a9b5b530f01faa164017","1","2016-11-26 17:46:44","0","0"
"9ad5ab53fef46cbe33a87237fbe7ddc007b28688","14","2016-12-11 18:38:17","0","0"
"3b9da6af842ceb6b92c13f193714bbf797aada51","15","2016-12-11 18:38:17","3609000","3609000"
"3b9da6af842ceb6b92c13f193714bbf797aada51","2","2016-12-11 19:00:40","3609000","0"
"3b9da6af842ceb6b92c13f193714bbf797aada51","1","2016-12-11 19:00:52","0","0"
"62b728506bf4f0b8036f63953725dba8103c5a62","1","2016-12-31 23:31:28","30000000000","30000000000"
